Workbook

Sheet 统计表
A1: 序号 | B1: 抬头 | C1: 出货日期 | D1: 主体 | E1: 测试厂 | F1: 型号 | G1: 物料编码 | H1: 数量 | I1: 采购订单号 | J1: 单价 | K1: 备注 | L1: 10000900
A2: 1 | B2: HK Bitmain | C2: 44565 | D2: 世纪云芯 | E2: XJ | F2: BM1362AA | G2: Y09BM1362A00 | H2: 1441 | I2: 202201040015 | J2: 3.3
A3: 2 | B3: HK Bitmain | C3: 44565 | D3: 世纪云芯 | E3: XJ | F3: BM1362AC | G3: Y09BM1362C00 | H3: 139912 | I3: 202201040015 | J3: 3.3
A4: 3 | B4: HK Bitmain | C4: 44565 | D4: 世纪云芯 | E4: XJ | F4: BM1398BB | G4: Y09BM1398240 | H4: 439315 | I4: 202201040015 | J4: 6.1
A5: 4 | B5: HK Bitmain | C5: 44565 | D5: 世纪云芯 | E5: XJ | F5: BM1725AA | G5: Y09BM1725000 | H5: 154 | I5: 202201040015 | J5: 12
A6: 5 | B6: HK Bitmain | C6: 44565 | D6: 世纪云芯 | E6: XJ | F6: BM1746AA | G6: Y09BM1746010 | H6: 67 | I6: 202201040015 | J6: 81.65
A7: 6 | B7: HK Bitmain | C7: 44565 | D7: 智能云芯 | E7: XJ | F7: BM1684AE | G7: Y09BM1684440 | H7: 2250 | I7: 202201040002 | J7: 41.19
A8: 7 | B8: HK Bitmain | C8: 44566 | D8: 世纪云芯 | E8: XJ | F8: BM1746AA | G8: Y09BM1746010 | H8: 6319 | I8: 202201050010 | J8: 81.65
A9: 8 | B9: HK Bitmain | C9: 44566 | D9: 世纪云芯 | E9: 捷策创 | F9: BM1362AC | G9: Y09BM1362C00 | H9: 366684 | I9: 202201050011 | J9: 3.3
A10: 9 | B10: HK Bitmain | C10: 44566 | D10: 世纪云芯 | E10: 捷策创 | F10: BM1398BB | G10: Y09BM1398240 | H10: 1552171 | I10: 202201050012 | J10: 6.1 | K10: 发厦门
A11: 10 | B11: HK Bitmain | C11: 44567 | D11: 世纪云芯 | E11: XJ | F11: BM1362AA | G11: Y09BM1362A00 | H11: 5280 | I11: 202201060012 | J11: 3.3
A12: 11 | B12: HK Bitmain | C12: 44567 | D12: 世纪云芯 | E12: XJ | F12: BM1362AC | G12: Y09BM1362C00 | H12: 619229 | I12: 202201060012 | J12: 3.3
A13: 12 | B13: HK Bitmain | C13: 44567 | D13: 世纪云芯 | E13: XJ | F13: BM1362AI | G13: Y09BM1362110 | H13: 18407 | I13: 202201060012 | J13: 3.3
A14: 13 | B14: HK Bitmain | C14: 44567 | D14: 世纪云芯 | E14: XJ | F14: BM1489 | G14: Y09BM1489010 | H14: 185369 | I14: 202201060012 | J14: 6.22
A15: 14 | B15: HK Bitmain | C15: 44567 | D15: 世纪云芯 | E15: XJ | F15: BM1746AA | G15: Y09BM1746010 | H15: 194 | I15: 202201060012 | J15: 81.65
A16: 15 | B16: HK Bitmain | C16: 44568 | D16: 世纪云芯 | E16: 捷策创 | F16: BM1398BB | G16: Y09BM1398240 | H16: 92274 | I16: 202201070039 | J16: 6.1 | K16: 发厦门
A17: 16 | B17: HK Bitmain | C17: 44568 | D17: 智能云芯 | E17: XJ | F17: BM1684AE | G17: Y09BM1684440 | H17: 4555 | I17: 202201070004 | J17: 41.19
A18: 17 | C18: 44568 | D18: 世纪云芯 | E18: XJ | F18: BM1489 | G18: Y09BM1489010 | H18: 45198 | I18: 202201070004 | J18: 6.22
A19: 18 | C19: 44568 | D19: 世纪云芯 | E19: XJ | F19: BM1746AA | G19: Y09BM1746010 | H19: 154 | I19: 202201090001 | J19: 81.65
A20: 19 | C20: 44568 | D20: 世纪云芯 | E20: HN | F20: BM1362AJ | G20: Y09BM1362210 | H20: 9272 | I20: 202201090002 | J20: 3.3
A21: 20 | C21: 44568 | D21: 世纪云芯 | E21: Vtest | F21: BM1362AC | G21: Y09BM1362C00 | H21: 401661 | I21: 202201090003 | J21: 3.3
A22: 21 | C22: 44571 | D22: 世纪云芯 | E22: XJ | F22: BM1398BB | G22: Y09BM1398240 | H22: 91214 | I22: 202201110020 | J22: 6.1 | K22: 发厦门
A23: 22 | C23: 44571 | D23: 世纪云芯 | E23: XJ | F23: BM1489 | G23: Y09BM1489010 | H23: 155937 | I23: 202201110019 | J23: 6.22
A24: 23 | C24: 44571 | D24: 世纪云芯 | E24: XJ | F24: BM1746AA | G24: Y09BM1746010 | H24: 2004 | I24: 202201110019 | J24: 81.65
A25: 24 | C25: 44571 | D25: 智能云芯 | E25: XJ | F25: BM1684AE | G25: Y09BM1684440 | H25: 615 | I25: 202201110004 | J25: 41.19
A26: 25 | C26: 44573 | D26: 世纪云芯 | E26: XJ | F26: BM1362AK | G26: Y09BM1362310 | H26: 74602 | I26: 202201120086 | J26: 3.3 | L26: 朗华
A27: 26 | C27: 44573 | D27: 世纪云芯 | E27: XJ | F27: BM1489 | G27: Y09BM1489010 | H27: 16334 | I27: 202201120086 | J27: 6.22 | L27: 朗华
A28: 27 | C28: 44573 | D28: 世纪云芯 | E28: XJ | F28: BM1746AA | G28: Y09BM1746010 | H28: 7754 | I28: 202201120086 | J28: 81.65 | L28: 朗华
A29: 28 | C29: 44573 | D29: 世纪云芯 | E29: ASESH | F29: BM1362AC | G29: Y09BM1362C00 | H29: 1284009 | I29: 202201120087 | J29: 3.3 | L29: 世纪通
A30: 29 | C30: 44574 | D30: 世纪云芯 | E30: HN | F30: BM1489 | G30: Y09BM1489010 | H30: 98241 | I30: 202201140039 | J30: 6.22
A31: 30 | C31: 44574 | D31: 世纪云芯 | E31: SCK | F31: BM1764AB | G31: Y09BM1764010 | H31: 135 | I31: 202201150006 | J31: 3.44 | L31: 富森
A32: 31 | C32: 44575 | D32: 世纪云芯 | E32: CMC | F32: BM1398BB | G32: Y09BM1398240 | H32: 95142 | I32: 202201150003 | J32: 6.1 | L32: 朗华
A33: 32 | C33: 44575 | D33: 世纪云芯 | E33: XJ | F33: BM1362AC | G33: Y09BM1362C00 | H33: 50901 | I33: 202201150004 | J33: 3.3 | L33: 迅宇
A34: 33 | C34: 44575 | D34: 世纪云芯 | E34: XJ | F34: BM1489 | G34: Y09BM1489010 | H34: 10742 | I34: 202201150004 | J34: 6.22 | L34: 迅宇
A35: 34 | C35: 44575 | D35: 世纪云芯 | E35: XJ | F35: BM1746AA | G35: Y09BM1746010 | H35: 8874 | I35: 202201150004 | J35: 81.65 | L35: 迅宇
A36: 35 | C36: 44575 | D36: 智能云芯 | E36: XJ | F36: BM1684AE | G36: Y09BM1684440 | H36: 228 | I36: 202201150001 | J36: 41.19 | L36: 富森
A37: 36 | C37: 44578 | D37: 世纪云芯 | E37: XJ | F37: BM1489 | G37: Y09BM1489010 | H37: 5059 | I37: 202201180026 | J37: 6.22 | L37: 朗华
A38: 37 | C38: 44578 | D38: 世纪云芯 | E38: XJ | F38: BM1746AA | G38: Y09BM1746010 | H38: 7819 | I38: 202201180026 | J38: 81.65 | L38: 朗华
A39: 38 | C39: 44578 | D39: 世纪云芯 | E39: HN | F39: BM1489 | G39: Y09BM1489010 | H39: 414470 | I39: 202201180028 | J39: 6.22 | L39: 世纪通
A40: 39 | C40: 44578 | D40: 世纪云芯 | E40: SPILSZ | F40: BM1362AC | G40: Y09BM1362C00 | H40: 44 | I40: 202201190004 | J40: 3.3
A41: 40 | C41: 44578 | D41: 世纪云芯 | E41: ASESH | F41: BM1362AC | G41: Y09BM1362C00 | H41: 5676 | I41: 202201190005 | J41: 3.3 | L41: 富森
A42: 41 | C42: 44579 | D42: 世纪云芯 | E42: ASESH | F42: BM1362AC | G42: Y09BM1362C00 | H42: 992 | I42: 202201190006 | J42: 3.3 | L42: 富森
A43: 42 | C43: 44580 | D43: 世纪云芯 | E43: XJ | F43: BM1746AA | G43: Y09BM1746010 | H43: 213 | I43: 202201200011 | J43: 81.65 | L43: 迅宇
A44: 43 | C44: 44579 | D44: 世纪云芯 | E44: SCK | F44: BM1362AK | G44: Y09BM1362310 | H44: 308 | I44: 202201210011 | J44: 4.07 | L44: 富森
A45: 44 | C45: 44579 | D45: 世纪云芯 | E45: SCK | F45: BM1366AB | G45: Y09BM1366120 | H45: 135 | I45: 202201210011 | J45: 4.72 | L45: 富森
A46: 45 | C46: 44582 | D46: 世纪云芯 | E46: HN | F46: BM1489 | G46: Y09BM1489010 | H46: 224099 | I46: 202201220004 | J46: 6.22 | L46: 朗华
A47: 46 | C47: 44582 | D47: 世纪云芯 | E47: XJ | F47: BM1362AK | G47: Y09BM1362310 | H47: 13343 | I47: 202201220003 | J47: 3.3 | L47: 世纪通
A48: 47 | C48: 44582 | D48: 世纪云芯 | E48: XJ | F48: BM1489 | G48: Y09BM1489010 | H48: 5745 | I48: 202201220003 | J48: 6.22 | L48: 世纪通
A49: 48 | C49: 44582 | D49: 世纪云芯 | E49: XJ | F49: BM1746AA | G49: Y09BM1746010 | H49: 3493 | I49: 202201220003 | J49: 81.65 | L49: 世纪通
A50: 49 | C50: 44582 | D50: 世纪云芯 | E50: CMC | F50: BM1398BB | G50: Y09BM1398240 | H50: 254586 | I50: 202201220005 | J50: 6.1 | L50: 讯宇
A51: 50 | C51: 44583 | D51: 世纪云芯 | E51: HN | F51: BM1489 | G51: Y09BM1489010 | H51: 973501 | I51: 202201240020 | J51: 6.22 | L51: 朗华
A52: 51 | C52: 44583 | D52: 世纪云芯 | E52: XJ | F52: BM1362AK | G52: Y09BM1362310 | H52: 86500 | I52: 202201240021 | J52: 3.3 | L52: 讯宇
... A70: 69 | C70: 44589 | D70: 世纪云芯 | E70: XJ | F70: BM1362AK | G70: Y09BM1362310 | H70: 3398 | I70: 202201280006 | J70: 3.3 | L70: 朗华
A71: 70 | C71: 44589 | D71: 世纪云芯 | E71: SCK | F71: BM1366AB | G71: Y09BM1366120 | H71: 135 | I71: 202202080004 | J71: 4.72

Sheet 2月
A1: 序号 | B1: 抬头 | C1: 出货日期 | D1: 主体 | E1: 测试厂 | F1: 型号 | G1: 物料编码 | H1: 数量 | I1: 采购订单号 | J1: 单价 | K1: 备注 | L1: 10000900
A2: 1 | B2: HK Bitmain | C2: 44601 | D2: 世纪云芯 | E2: XJ | F2: BM1362AC | G2: Y09BM1362C00 | H2: 676329 | I2: 202202110005 | J2: 3.3 | L2: 朗华
A3: 2 | C3: 44601 | D3: 世纪云芯 | E3: XJ | F3: BM1362AI | G3: Y09BM1362110 | H3: 376910 | I3: 202202110005 | J3: 3.3 | L3: 朗华
A4: 3 | C4: 44601 | D4: 世纪云芯 | E4: XJ | F4: BM1489 | G4: Y09BM1489010 | H4: 2220909 | I4: 202202110005 | J4: 6.22 | L4: 朗华
A5: 4 | C5: 44601 | D5: 世纪云芯 | E5: XJ | F5: BM1746AA | G5: Y09BM1746010 | H5: 5274 | I5: 202202110005 | J5: 81.65 | L5: 朗华
A6: 5 | C6: 44601 | D6: 世纪云芯 | E6: 捷策创 | F6: BM1489 | G6: Y09BM1489010 | H6: 191079 | I6: 202202110006 | J6: 6.22 | L6: 世纪通
A7: 6 | C7: 44601 | D7: 世纪云芯 | E7: 捷策创 | F7: BM1362AK | G7: Y09BM1362310 | H7: 428328 | I7: 202202110006 | J7: 3.3 | L7: 世纪通
A8: 7 | C8: 44602 | D8: 世纪云芯 | E8: 捷策创 | F8: BM1362AK | G8: Y09BM1362310 | H8: 1041216 | I8: 202202110007 | J8: 3.3 | L8: 讯宇
A9: 8 | C9: 44603 | D9: 世纪云芯 | E9: 捷策创 | F9: BM1362AK | G9: Y09BM1362310 | H9: 621984 | I9: 202202120001 | J9: 3.3 | L9: 世纪通
A10: 9 | C10: 44603 | D10: 世纪云芯 | E10: XJ | F10: BM1362AK | G10: Y09BM1362310 | H10: 43832 | I10: 202202120002 | J10: 3.3 | L10: 朗华
A11: 10 | C11: 44603 | D11: 世纪云芯 | E11: XJ | F11: BM1398AC | G11: Y09BM1398350 | H11: 18487 | I11: 202202120002 | J11: 6.1 | L11: 朗华
A12: 11 | C12: 44603 | D12: 世纪云芯 | E12: XJ | F12: BM1398AD | G12: Y09BM1398D00 | H12: 1446 | I12: 202202120002 | J12: 6.1 | L12: 朗华
A13: 12 | C13: 44603 | D13: 世纪云芯 | E13: XJ | F13: BM1398BB | G13: Y09BM1398240 | H13: 52343 | I13: 202202120002 | J13: 6.1 | L13: 朗华
A14: 13 | C14: 44603 | D14: 世纪云芯 | E14: XJ | F14: BM1489 | G14: Y09BM1489010 | H14: 71239 | I14: 202202120002 | J14: 6.22 | L14: 朗华
A15: 14 | C15: 44603 | D15: 世纪云芯 | E15: XJ | F15: BM1746AA | G15: Y09BM1746010 | H15: 432 | I15: 202202120002 | J15: 81.65 | L15: 朗华
A16: 15 | C16: 44606 | D16: 世纪云芯 | E16: SCK | F16: BM1764AB | G16: Y09BM1764010 | H16: 269 | I16: 202202150003 | J16: 3.44 | L16: 富森
A17: 16 | C17: 44606 | D17: 世纪云芯 | E17: 捷策创 | F17: BM1489 | G17: Y09BM1489010 | H17: 146974 | I17: 202202150005 | J17: 6.22 | L17: 世纪通
A18: 17 | C18: 44606 | D18: 世纪云芯 | E18: 捷策创 | F18: BM1398BB | G18: Y09BM1398240 | H18: 302241 | I18: 202202150005 | J18: 6.1 | L18: 世纪通
A19: 18 | C19: 44606 | D19: 世纪云芯 | E19: 捷策创 | F19: BM1362AK | G19: Y09BM1362310 | H19: 538154 | I19: 202202150006 | J19: 3.3 | L19: 讯宇 | M19: 送深圳
A20: 19 | C20: 44606 | D20: 世纪云芯 | E20: 捷策创 | F20: BM1362AK | G20: Y09BM1362310 | H20: 429398 | I20: 202202150007 | J20: 3.3 | L20: 讯宇 | M20: 送厦门
A21: 20 | C21: 44606 | D21: 世纪云芯 | E21: XJ | F21: BM1362AC | G21: Y09BM1362C00 | H21: 101282 | I21: 202202150008 | J21: 3.3 | L21: 朗华
A22: 21 | C22: 44606 | D22: 世纪云芯 | E22: XJ | F22: BM1362AK | G22: Y09BM1362310 | H22: 42324 | I22: 202202150008 | J22: 3.3 | L22: 朗华
A23: 22 | C23: 44606 | D23: 世纪云芯 | E23: XJ | F23: BM1489 | G23: Y09BM1489010 | H23: 159990 | I23: 202202150008 | J23: 6.22 | L23: 朗华
A24: 23 | C24: 44606 | D24: 世纪云芯 | E24: XJ | F24: BM1362AK | G24: Y09BM1362310 | H24: 66449 | I24: 202202150008 | J24: 3.3 | L24: 朗华 | M24: 送厦门
A25: 24 | C25: 44608 | D25: 世纪云芯 | E25: SCK | F25: BM1366AB | G25: Y09BM1366120 | H25: 135 | I25: 202202170004 | J25: 4.72 | L25: 富森
A26: 25 | C26: 44608 | D26: 世纪云芯 | E26: 捷策创 | F26: BM1362AK | G26: Y09BM1362310 | H26: 418652 | I26: 202202170005 | J26: 3.3 | L26: 朗华
A27: 26 | C27: 44608 | D27: 世纪云芯 | E27: 捷策创 | F27: BM1362AK | G27: Y09BM1362310 | H27: 344922 | I27: 202202170006 | J27: 3.3 | L27: 朗华 | M27: 送厦门
A28: 27 | C28: 44608 | D28: 世纪云芯 | E28: XJ | F28: BM1362AI | G28: Y09BM1362110 | H28: 28954 | I28: 202202170007 | J28: 3.3 | L28: 世纪通
A29: 28 | C29: 44608 | D29: 世纪云芯 | E29: XJ | F29: BM1362AC | G29: Y09BM1362C00 | H29: 67770 | I29: 202202170007 | J29: 3.3 | L29: 世纪通
A30: 29 | C30: 44608 | D30: 世纪云芯 | E30: XJ | F30: BM1362AK | G30: Y09BM1362310 | H30: 26036 | I30: 202202170007 | J30: 3.3 | L30: 世纪通
A31: 30 | C31: 44608 | D31: 世纪云芯 | E31: XJ | F31: BM1362AK | G31: Y09BM1362310 | H31: 358444 | I31: 202202170007 | J31: 3.3 | L31: 世纪通 | M31: 送厦门
A32: 31 | C32: 44608 | D32: 世纪云芯 | E32: 捷策创 | F32: BM1489 | G32: Y09BM1489010 | H32: 199634 | I32: 202202170008 | J32: 6.22 | L32: 讯宇
A33: 32 | C33: 44609 | D33: 世纪云芯 | E33: 矽迈 | F33: BM1362AM | G33: Y09BM1362540 | H33: 617 | I33: 202202190001 | J33: 3.3 | L33: 富森
A34: 33 | C34: 44610 | D34: 世纪云芯 | E34: XJ | F34: BM1362AK | G34: Y09BM1362310 | H34: 614195 | I34: 202202190002 | J34: 3.3 | L34: 朗华
A35: 34 | C35: 44610 | D35: 世纪云芯 | E35: XJ | F35: BM1398BB | G35: Y09BM1398240 | H35: 45078 | I35: 202202190002 | J35: 6.1 | L35: 朗华
A36: 35 | C36: 44610 | D36: 世纪云芯 | E36: 捷策创 | F36: BM1398BB | G36: Y09BM1398240 | H36: 76430 | I36: 202202190003 | J36: 6.1 | L36: 朗华
A37: 36 | C37: 44610 | D37: 世纪云芯 | E37: 捷策创 | F37: BM1362AK | G37: Y09BM1362310 | H37: 408842 | I37: 202202190003 | J37: 3.3 | L37: 朗华
A38: 37 | C38: 44610 | D38: 世纪云芯 | E38: 捷策创 | F38: BM1362AK | G38: Y09BM1362310 | H38: 246021 | I38: 202202190004 | J38: 3.3 | L38: 朗华 | M38: 送厦门
A39: 38 | C39: 44613 | D39: 世纪云芯 | E39: XJ | F39: BM1489 | G39: Y09BM1489010 | H39: 99303 | I39: 202202220023 | J39: 6.22 | L39: 朗华
A40: 39 | C40: 44613 | D40: 世纪云芯 | E40: 捷策创 | F40: BM1362AC | G40: Y09BM1362C00 | H40: 415611 | I40: 202202220024 | J40: 3.3 | L40: 世纪通
A41: 40 | C41: 44613 | D41: 世纪云芯 | E41: 捷策创 | F41: BM1362AK | G41: Y09BM1362310 | H41: 473433 | I41: 202202220024 | J41: 3.3 | L41: 世纪通
A42: 41 | C42: 44613 | D42: 世纪云芯 | E42: XJ | F42: BM1362AK | G42: Y09BM1362310 | H42: 471387 | I42: 202202220025 | J42: 3.3 | L42: 朗华
A43: 42 | C43: 44613 | D43: 世纪云芯 | E43: XJ | F43: BM1362AI | G43: Y09BM1362110 | H43: 1099459 | I43: 202202220025 | J43: 3.3 | L43: 朗华
A44: 43 | C44: 44613 | D44: 世纪云芯 | E44: XJ | F44: BM1362AC | G44: Y09BM1362C00 | H44: 152831 | I44: 202202220025 | J44: 3.3 | L44: 朗华
A45: 44 | C45: 44613 | D45: 世纪云芯 | E45: XJ | F45: BM1362AA | G45: Y09BM1362A00 | H45: 6300 | I45: 202202220025 | J45: 3.3 | L45: 朗华
A46: 45 | C46: 44613 | D46: 世纪云芯 | E46: JSCC | F46: BM1362AC | G46: Y09BM1362C00 | H46: 373952 | I46: 202202220026 | J46: 3.3 | L46: 朗华
A47: 46 | C47: 44614 | D47: 世纪云芯 | E47: SCK | F47: BM1366AJ | G47: Y09BM1366A20 | H47: 154 | I47: 202202230042 | J47: 4.72 | L47: 富森
A48: 47 | C48: 44615 | D48: 世纪云芯 | E48: 捷策创 | F48: BM1362AC | G48: Y09BM1362C00 | H48: 474434 | I48: 202202230043 | J48: 3.3 | L48: 讯宇
A49: 48 | C49: 44615 | D49: 世纪云芯 | E49: 捷策创 | F49: BM1362AK | G49: Y09BM1362310 | H49: 222920 | I49: 202202230043 | J49: 3.3 | L49: 讯宇
A50: 49 | C50: 44615 | D50: 世纪云芯 | E50: XJ | F50: BM1362AK | G50: Y09BM1362310 | H50: 656055 | I50: 202202230044 | J50: 3.3 | L50: 朗华
... A56: 55 | C56: 44615 | D56: 世纪云芯 | E56: ASESH | F56: BM1362AC | G56: Y09BM1362C00 | H56: 312068 | I56: 202202230045 | J56: 3.3 | L56: 朗华
A57: 56 | C57: 44617 | D57: 世纪云芯 | E57: XJ | F57: BM1362AK | G57: Y09BM1362310 | H57: 823011 | I57: 202202260001 | J57: 3.3 | L57: 朗华
A58: 57 | C58: 44617 | D58: 世纪云芯 | E58: XJ | F58: BM1362AC | G58: Y09BM1362C00 | H58: 783790 | I58: 202202260001 | J58: 3.3 | L58: 朗华
A59: 58 | C59: 44617 | D59: 世纪云芯 | E59: XJ | F59: BM1362AI | G59: Y09BM1362110 | H59: 1360589 | I59: 202202260001 | J59: 3.3 | L59: 朗华
A60: 59 | C60: 44617 | D60: 世纪云芯 | E60: XJ | F60: BM1362AA | G60: Y09BM1362A00 | H60: 7592 | I60: 202202260001 | J60: 3.3 | L60: 朗华
A61: 59 | C61: 44617 | D61: 世纪云芯 | E61: XJ | F61: BM1398BB | G61: Y09BM1398240 | H61: 46354 | I61: 202202260001 | J61: 6.1 | L61: 朗华
A62: 61 | C62: 44617 | D62: 世纪云芯 | E62: XJ | F62: BM1489 | G62: Y09BM1489010 | H62: 111397 | I62: 202202260001 | J62: 6.22 | L62: 朗华
A63: 62 | C63: 44617 | D63: 世纪云芯 | E63: 捷策创 | F63: BM1362AC | G63: Y09BM1362C00 | H63: 444612 | I63: 202202260002 | J63: 3.3 | L63: 朗华
A64: 63 | C64: 44617 | D64: 世纪云芯 | E64: 捷策创 | F64: BM1362AK | G64: Y09BM1362310 | H64: 287807 | I64: 202202260002 | J64: 3.3 | L64: 朗华
A65: 64 | C65: 44617 | D65: 世纪云芯 | E65: 捷策创 | F65: BM1362AC | G65: Y09BM1362C00 | H65: 826678 | I65: 202202260003 | J65: 3.3 | L65: 朗华 | M65: 送厦门
A66: 65 | C66: 44620 | D66: 世纪云芯 | E66: 捷策创 | F66: BM1362AK | G66: Y09BM1362310 | H66: 362307 | I66: 202203010030 | J66: 3.3 | L66: 世纪通
A67: 66 | C67: 44620 | D67: 世纪云芯 | E67: XJ | F67: BM1362AC | G67: Y09BM1362C00 | H67: 180695 | I67: 202203010031 | J67: 3.3 | L67: 朗华
A68: 67 | C68: 44620 | D68: 世纪云芯 | E68: XJ | F68: BM1362AK | G68: Y09BM1362310 | H68: 401722 | I68: 202203010031 | J68: 3.3 | L68: 朗华
A69: 68 | C69: 44620 | D69: 世纪云芯 | E69: XJ | F69: BM1362AI | G69: Y09BM1362110 | H69: 1324763 | I69: 202203010031 | J69: 3.3 | L69: 朗华
A70: 69 | C70: 44620 | D70: 世纪云芯 | E70: XJ | F70: BM1362AI | G70: Y09BM1362110 | H70: 1001219 | I70: 202203010032 | J70: 3.3 | L70: 朗华 | M70: 出厦门

Sheet 3月
A1: 序号 | B1: 抬头 | C1: 出货日期 | D1: 主体 | E1: 测试厂 | F1: 型号 | G1: 物料编码 | H1: 数量 | I1: 采购订单号 | J1: 单价 | K1: 备注 | L1: 10000900
A2: 1 | B2: HK Bitmain | C2: 44622 | D2: 世纪云芯 | E2: XJ | F2: BM1362AK | G2: Y09BM1362310 | H2: 234994 | I2: 202203030007 | J2: 3.3 | L2: 朗华
A3: 2 | B3: HK Bitmain | C3: 44622 | D3: 世纪云芯 | E3: XJ | F3: BM1362AI | G3: Y09BM1362110 | H3: 340298 | I3: 202203030007 | J3: 3.3 | L3: 朗华
A4: 3 | B4: HK Bitmain | C4: 44622 | D4: 世纪云芯 | E4: XJ | F4: BM1362AC | G4: Y09BM1362C00 | H4: 101823 | I4: 202203030007 | J4: 3.3 | L4: 朗华
A5: 4 | B5: HK Bitmain | C5: 44622 | D5: 世纪云芯 | E5: XJ | F5: BM1489 | G5: Y09BM1489010 | H5: 279689 | I5: 202203030007 | J5: 6.22 | L5: 朗华
A6: 5 | B6: HK Bitmain | C6: 44622 | D6: 世纪云芯 | E6: XJ | F6: BM1362AI | G6: Y09BM1362110 | H6: 746024 | I6: 202203030008 | J6: 3.3 | K6: 送厦门 | L6: 朗华
A7: 6 | B7: HK Bitmain | C7: 44622 | D7: 世纪云芯 | E7: XJ | F7: BM1362AC | G7: Y09BM1362C00 | H7: 254531 | I7: 202203030008 | J7: 3.3 | K7: 送厦门 | L7: 朗华
A8: 7 | B8: HK Bitmain | C8: 44622 | D8: 世纪云芯 | E8: 捷策创 | F8: BM1489 | G8: Y09BM1489010 | H8: 108861 | I8: 202203030009 | J8: 6.22 | L8: 朗华
A9: 8 | B9: HK Bitmain | C9: 44622 | D9: 世纪云芯 | E9: 捷策创 | F9: BM1398BB | G9: Y09BM1398240 | H9: 135144 | I9: 202203030009 | J9: 6.1 | L9: 朗华
A10: 9 | B10: HK Bitmain | C10: 44622 | D10: 世纪云芯 | E10: 捷策创 | F10: BM1362AK | G10: Y09BM1362310 | H10: 413055 | I10: 202203030009 | J10: 3.3 | L10: 朗华
A11: 10 | B11: HK Bitmain | C11: 44624 | D11: 世纪云芯 | E11: XJ | F11: BM1362AK | G11: Y09BM1362310 | H11: 165176 | I11: 202203050029 | J11: 3.3 | L11: 朗华
A12: 11 | B12: HK Bitmain | C12: 44624 | D12: 世纪云芯 | E12: XJ | F12: BM1362AC | G12: Y09BM1362C00 | H12: 226609 | I12: 202203050029 | J12: 3.3 | L12: 朗华
A13: 12 | B13: HK Bitmain | C13: 44624 | D13: 世纪云芯 | E13: XJ | F13: BM1362AI | G13: Y09BM1362110 | H13: 443586 | I13: 202203050029 | J13: 3.3 | L13: 朗华
A14: 13 | B14: HK Bitmain | C14: 44624 | D14: 世纪云芯 | E14: XJ | F14: BM1725AA | G14: Y09BM1725000 | H14: 14640 | I14: 202203050029 | J14: 12 | L14: 朗华
A15: 14 | B15: HK Bitmain | C15: 44624 | D15: 世纪云芯 | E15: 捷策创 | F15: BM1362AK | G15: Y09BM1362310 | H15: 381232 | I15: 202203050030 | J15: 3.3 | L15: 朗华
A16: 15 | B16: HK Bitmain | C16: 44624 | D16: 世纪云芯 | E16: 捷策创 | F16: BM1489 | G16: Y09BM1489010 | H16: 632906 | I16: 202203050030 | J16: 6.22 | L16: 朗华
A17: 16 | B17: HK Bitmain | C17: 44627 | D17: 世纪云芯 | E17: 捷策创 | F17: BM1489 | G17: Y09BM1489010 | H17: 375896 | I17: 202203080001 | J17: 6.22 | L17: 讯宇
A18: 17 | B18: HK Bitmain | C18: 44627 | D18: 世纪云芯 | E18: XJ | F18: BM1362AK | G18: Y09BM1362310 | H18: 400374 | I18: 202203080002 | J18: 3.3 | L18: 世纪通
A19: 18 | B19: HK Bitmain | C19: 44627 | D19: 世纪云芯 | E19: XJ | F19: BM1489 | G19: Y09BM1489010 | H19: 353142 | I19: 202203080003 | J19: 6.22 | L19: 世纪通
... A38: 37 | B38: HK Bitmain | C38: 44637 | D38: 世纪云芯 | E38: XJ | F38: BM1489 | G38: Y09BM1489010 | H38: 463116 | I38: 202203180013 | J38: 6.22 | L38: 朗华
A39: 38 | B39: HK Bitmain | C39: 44638 | D39: 世纪云芯 | E39: 捷策创 | F39: BM1362AC | G39: Y09BM1362C00 | H39: 322736 | I39: 202203200010 | J39: 3.3 | K39: HQ | L39: 朗华
A40: 39 | B40: HK Bitmain | C40: 44638 | D40: 世纪云芯 | E40: XJ | F40: BM1362AI | G40: Y09BM1362110 | H40: 570508 | I40: 202203200012 | J40: 3.3 | K40: YDF | L40: 朗华
A41: 40 | B41: HK Bitmain | C41: 44638 | D41: 世纪云芯 | E41: XJ | F41: BM1362AC | G41: Y09BM1362C00 | H41: 31101 | I41: 202203200012 | J41: 3.3 | K41: YDF | L41: 朗华
A42: 41 | B42: HK Bitmain | C42: 44638 | D42: 世纪云芯 | E42: XJ | F42: BM1489 | G42: Y09BM1489010 | H42: 246347 | I42: 202203200012 | J42: 6.22 | K42: YDF | L42: 朗华
A43: 42 | B43: HK Bitmain | C43: 44638 | D43: 世纪云芯 | E43: XJ | F43: BM1362AC | G43: Y09BM1362C00 | H43: 3811 | I43: 202203200011 | J43: 3.3 | K43: HQ | L43: 朗华
A44: 43 | B44: HK Bitmain | C44: 44638 | D44: 世纪云芯 | E44: XJ | F44: BM1362AI | G44: Y09BM1362110 | H44: 61730 | I44: 202203200011 | J44: 3.3 | K44: HQ | L44: 朗华
A45: 44 | B45: HK Bitmain | C45: 44638 | D45: 世纪云芯 | E45: XJ | F45: BM1362AC | G45: Y09BM1362C00 | H45: 19913 | I45: 202203200011 | J45: 3.3 | K45: HQ | L45: 朗华
A46: 45 | B46: HK Bitmain | C46: 44638 | D46: 世纪云芯 | E46: 捷策创 | F46: BM1362AJ | G46: Y09BM1362210 | H46: 475311 | I46: 202203200013 | J46: 3.3 | K46: YDF | L46: 朗华
A47: 46 | B47: HK Bitmain | C47: 44638 | D47: 世纪云芯 | E47: 捷策创 | F47: BM1366AB | G47: Y09BM1366120 | H47: 40680 | I47: 202203200013 | J47: 4.72 | K47: YDF | L47: 朗华
A48: 47 | B48: HK Bitmain | C48: 44638 | D48: 世纪云芯 | E48: 捷策创 | F48: BM1362AK | G48: Y09BM1362310 | H48: 751599 | I48: 202203200013 | J48: 3.3 | K48: YDF | L48: 朗华
A49: 48 | B49: HK Bitmain | C49: 44638 | D49: 世纪云芯 | E49: 捷策创 | F49: BM1362AK | G49: Y09BM1362310 | H49: 285480 | I49: 202203200013 | J49: 3.3 | K49: YDF | L49: 朗华
A50: 49 | B50: HK Bitmain | C50: 44638 | D50: 世纪云芯 | E50: 捷策创 | F50: BM1489 | G50: Y09BM1489010 | H50: 326414 | I50: 202203200013 | J50: 6.22 | K50: YDF | L50: 朗华
A51: 50 | B51: HK Bitmain | C51: 44641 | D51: 世纪云芯 | E51: 捷策创 | F51: BM1362AC | G51: Y09BM1362C00 | H51: 602565 | I51: 202203230001 | J51: 3.3 | L51: 朗华
A52: 52 | B52: HK Bitmain | C52: 44641 | D52: 世纪云芯 | E52: XJ | F52: BM1362AC | G52: Y09BM1362C00 | H52: 443620 | I52: 202203230002 | J52: 3.3 | L52: 世纪通
A53: 54 | B53: HK Bitmain | C53: 44641 | D53: 世纪云芯 | E53: XJ | F53: BM1362AI | G53: Y09BM1362110 | H53: 1297348 | I53: 202203230002 | J53: 3.3 | L53: 世纪通
A54: 56 | B54: HK Bitmain | C54: 44641 | D54: 世纪云芯 | E54: XJ | F54: BM1362AK | G54: Y09BM1362310 | H54: 161316 | I54: 202203230002 | J54: 3.3 | L54: 世纪通
A55: 57 | B55: HK Bitmain | C55: 44641 | D55: 世纪云芯 | E55: XJ | F55: BM1489 | G55: Y09BM1489010 | H55: 380756 | I55: 202203230002 | J55: 6.22 | L55: 世纪通
A56: 58 | B56: HK Bitmain | C56: 44642 | D56: 世纪云芯 | E56: 捷策创 | F56: BM1398BB | G56: Y09BM1398240 | H56: 215987 | I56: 202203230003 | J56: 6.1 | L56: 朗华
A57: 59 | B57: HK Bitmain | C57: 44642 | D57: 世纪云芯 | E57: XJ | F57: BM1362AK | G57: Y09BM1362310 | H57: 58567 | I57: 202203230004 | J57: 3.3 | L57: 世纪通
A58: 59 | B58: HK Bitmain | C58: 44642 | D58: 世纪云芯 | E58: XJ | F58: BM1489 | G58: Y09BM1489010 | H58: 118214 | I58: 202203230004 | J58: 6.22 | L58: 世纪通
A59: 61 | B59: HK Bitmain | C59: 44643 | D59: 世纪云芯 | E59: HT | F59: BM1366AC | G59: Y09BM1366230 | H59: 200 | I59: 202203240003 | J59: 4.72 | L59: 朗华
A60: 62 | B60: HK Bitmain | C60: 44643 | D60: 世纪云芯 | E60: XJ | F60: BM1362AC | G60: Y09BM1362C00 | H60: 19116 | I60: 202203240004 | J60: 3.3 | L60: 朗华
A61: 63 | B61: HK Bitmain | C61: 44643 | D61: 世纪云芯 | E61: XJ | F61: BM1362AI | G61: Y09BM1362110 | H61: 382393 | I61: 202203240004 | J61: 3.3 | L61: 朗华
A62: 65 | B62: HK Bitmain | C62: 44643 | D62: 世纪云芯 | E62: 捷策创 | F62: BM1366AB | G62: Y09BM1366120 | H62: 6306 | I62: 202203240005 | J62: 4.72 | L62: 朗华
... A77: 80 | B77: HK Bitmain | C77: 44645 | D77: 世纪云芯 | E77: 无锡伟测 | F77: BM1362AC | G77: Y09BM1362C00 | H77: 591254 | I77: 202203260011 | J77: 3.3 | L77: 朗华
A78: 81 | B78: HK Bitmain | C78: 44645 | D78: 世纪云芯 | E78: XJ | F78: BM1362AI | G78: Y09BM1362110 | H78: 479433 | I78: 202203260012 | J78: 3.3 | K78: 送厦门 | L78: 朗华
A79: 82 | B79: HK Bitmain | C79: 44645 | D79: 世纪云芯 | E79: XJ | F79: BM1362AC | G79: Y09BM1362C00 | H79: 327935 | I79: 202203260012 | J79: 3.3 | K79: 送厦门 | L79: 朗华
A80: 83 | B80: HK Bitmain | C80: 44645 | D80: 世纪云芯 | E80: XJ | F80: BM1362AI | G80: Y09BM1362110 | H80: 70732 | I80: 202203260013 | J80: 3.3 | L80: 朗华
A81: 84 | B81: HK Bitmain | C81: 44645 | D81: 世纪云芯 | E81: XJ | F81: BM1362AC | G81: Y09BM1362C00 | H81: 46267 | I81: 202203260013 | J81: 3.3 | L81: 朗华
A82: 85 | B82: HK Bitmain | C82: 44645 | D82: 世纪云芯 | E82: XJ | F82: BM1362AK | G82: Y09BM1362310 | H82: 797914 | I82: 202203260013 | J82: 3.3 | L82: 朗华
A83: 86 | B83: HK Bitmain | C83: 44645 | D83: 世纪云芯 | E83: XJ | F83: BM1489 | G83: Y09BM1489010 | H83: 235162 | I83: 202203260013 | J83: 6.22 | L83: 朗华
A84: 87 | B84: HK Bitmain | C84: 44645 | D84: 世纪云芯 | E84: 捷策创 | F84: BM1362AK | G84: Y09BM1362310 | H84: 195311 | I84: 202203260014 | J84: 3.3 | L84: 朗华
A85: 88 | B85: HK Bitmain | C85: 44645 | D85: 世纪云芯 | E85: 捷策创 | F85: BM1489 | G85: Y09BM1489010 | H85: 364954 | I85: 202203260014 | J85: 6.22 | L85: 朗华
A86: 89 | B86: HK Bitmain | C86: 44646 | D86: 世纪云芯 | E86: 捷策创 | F86: BM1489 | G86: Y09BM1489010 | H86: 170999 | I86: 202203280015 | J86: 6.22 | L86: 朗华
A87: 90 | B87: HK Bitmain | C87: 44646 | D87: 世纪云芯 | E87: XJ | F87: BM1489 | G87: Y09BM1489010 | H87: 156960 | I87: 202203280016 | J87: 6.22 | L87: 朗华
A88: 91 | B88: HK Bitmain | C88: 44648 | D88: 世纪云芯 | E88: XJ | F88: BM1362AI | G88: Y09BM1362110 | H88: 79487 | I88: 202203280017 | J88: 3.3 | L88: 朗华
A89: 92 | B89: HK Bitmain | C89: 44648 | D89: 世纪云芯 | E89: XJ | F89: BM1362AC | G89: Y09BM1362C00 | H89: 29103 | I89: 202203280017 | J89: 3.3 | L89: 朗华
A90: 93 | B90: HK Bitmain | C90: 44648 | D90: 世纪云芯 | E90: XJ | F90: BM1489 | G90: Y09BM1489010 | H90: 212492 | I90: 202203280017 | J90: 6.22 | L90: 朗华
A91: 94 | B91: HK Bitmain | C91: 44648 | D91: 世纪云芯 | E91: XJ | F91: BM1362AI | G91: Y09BM1362110 | H91: 469972 | I91: 202203280017 | J91: 3.3 | K91: 送厦门 | L91: 朗华
A92: 95 | B92: HK Bitmain | C92: 44648 | D92: 世纪云芯 | E92: XJ | F92: BM1362AC | G92: Y09BM1362C00 | H92: 20090 | I92: 202203280017 | J92: 3.3 | K92: 送厦门 | L92: 朗华
A93: 96 | B93: HK Bitmain | C93: 44648 | D93: 世纪云芯 | E93: JSCC | F93: BM1366AG | G93: Y09BM1366820 | H93: 6238 | I93: 202204080025 | J93: 4.72 | L93: 朗华
A94: 97 | B94: HK Bitmain | C94: 44650 | D94: 世纪云芯 | E94: XJ | F94: BM1489 | G94: Y09BM1489010 | H94: 365716 | I94: 202203310014 | J94: 6.22 | L94: 朗华
A95: 98 | B95: HK Bitmain | C95: 44651 | D95: 世纪云芯 | E95: SCK | F95: BM1366AB | G95: Y09BM1366120 | H95: 154 | I95: 202203310015 | J95: 4.72 | L95: 朗华

Sheet 4月
A1: 序号 | B1: 抬头 | C1: 出货日期 | D1: 主体 | E1: 测试厂 | F1: 型号 | G1: 物料编码 | H1: 数量 | I1: 采购订单号 | J1: 单价 | K1: 备注 | L1: 10000900
A2: 1 | B2: HK Bitmain | C2: 44652 | D2: 世纪云芯 | E2: XJ | F2: BM1362AI | G2: Y09BM1362110 | H2: 723209 | I2: 202204020013 | J2: 2.71 | L2: 朗华
A3: 2 | B3: HK Bitmain | C3: 44652 | D3: 世纪云芯 | E3: XJ | F3: BM1362AC | G3: Y09BM1362C00 | H3: 78327 | I3: 202204020013 | J3: 2.71 | L3: 朗华
A4: 3 | B4: HK Bitmain | C4: 44652 | D4: 世纪云芯 | E4: XJ | F4: BM1362AC | G4: Y09BM1362C00 | H4: 61837 | I4: 202204020013 | J4: 2.71 | L4: 朗华
A5: 4 | B5: HK Bitmain | C5: 44652 | D5: 世纪云芯 | E5: XJ | F5: BM1489 | G5: Y09BM1489010 | H5: 345165 | I5: 202204020013 | J5: 7.51 | L5: 朗华
A6: 5 | B6: HK Bitmain | C6: 44653 | D6: 世纪云芯 | E6: 确安 | F6: BM1362AC | G6: Y09BM1362C00 | H6: 270130 | I6: 202204060004 | J6: 2.71 | L6: 朗华
A7: 6 | B7: HK Bitmain | C7: 44653 | D7: 世纪云芯 | E7: SCS | F7: BM1362AJ | G7: Y09BM1362210 | H7: 187163 | I7: 202204060005 | J7: 2.71 | L7: 朗华
A8: 7 | B8: HK Bitmain | C8: 44655 | D8: 世纪云芯 | E8: XJ | F8: BM1362AK | G8: Y09BM1362310 | H8: 3791246 | I8: 202204060017 | J8: 2.71 | L8: 朗华
A9: 8 | B9: HK Bitmain | C9: 44655 | D9: 世纪云芯 | E9: XJ | F9: BM1362AC | G9: Y09BM1362C00 | H9: 308273 | I9: 202204060017 | J9: 2.71 | L9: 朗华
A10: 9 | B10: HK Bitmain | C10: 44655 | D10: 世纪云芯 | E10: XJ | F10: BM1362AI | G10: Y09BM1362110 | H10: 1523285 | I10: 202204060017 | J10: 2.71 | L10: 朗华
A11: 10 | B11: HK Bitmain | C11: 44657 | D11: 世纪云芯 | E11: XJ | F11: BM1362AK | G11: Y09BM1362310 | H11: 5253 | I11: 202204060018 | J11: 2.71 | L11: 朗华
A12: 11 | B12: HK Bitmain | C12: 44652 | D12: 世纪云芯 | E12: 捷策创 | F12: BM1398BB | G12: Y09BM1398240 | H12: 109267 | I12: 202204070004 | J12: 6.1 | L12: 朗华
A13: 12 | B13: HK Bitmain | C13: 44652 | D13: 世纪云芯 | E13: 捷策创 | F13: BM1489 | G13: Y09BM1489010 | H13: 174437 | I13: 202204070004 | J13: 6.22 | L13: 朗华
... A36: 35 | B36: HK Bitmain | C36: 44664 | D36: 世纪云芯 | E36: XJ | F36: BM1489 | G36: Y09BM1489010 | H36: 54958 | I36: 202204150018 | J36: 7.51 | L36: 朗华
A37: 36 | B37: HK Bitmain | C37: 2022-04-14 | D37: 世纪云芯 | E37: spil | F37: BM1366AG | G37: Y09BM1366820 | H37: 4160 | I37: 202204150019 | J37: 4.54 | L37: 朗华
A38: 37 | B38: HK Bitmain | C38: 2022-04-14 | D38: 世纪云芯 | E38: JSCC | F38: BM1366AG | G38: Y09BM1366820 | H38: 4185 | I38: 202204150020 | J38: 4.54 | L38: 朗华
A39: 38 | B39: HK Bitmain | C39: 2022-04-14 | D39: 世纪云芯 | E39: JSCC | F39: BM1362AC | G39: Y09BM1362C00 | H39: 648073 | I39: 202204150020 | J39: 2.71 | L39: 朗华
A40: 39 | B40: HK Bitmain | C40: 2022-04-14 | D40: 世纪云芯 | E40: 捷策创 | F40: BM1362AC | G40: Y09BM1362C00 | H40: 665632 | I40: 202204150021 | J40: 2.71 | L40: 朗华
A41: 40 | B41: HK Bitmain | C41: 2022-04-14 | D41: 世纪云芯 | E41: 捷策创 | F41: BM1489 | G41: Y09BM1489010 | H41: 180476 | I41: 202204150021 | J41: 7.51 | L41: 朗华
A42: 41 | B42: HK Bitmain | C42: 2022-04-14 | D42: 世纪云芯 | E42: 捷策创 | F42: BM1366AG | G42: Y09BM1366820 | H42: 83214 | I42: 202204150021 | J42: 4.54 | L42: 朗华
A43: 42 | B43: HK Bitmain | C43: 2022-04-14 | D43: 世纪云芯 | E43: 无锡伟测 | F43: BM1362AK | G43: Y09BM1362310 | H43: 1067086 | I43: 202204150022 | J43: 2.71 | L43: 朗华
A44: 43 | B44: HK Bitmain | C44: 44666 | D44: 世纪云芯 | E44: XJ | F44: BM1362AK | G44: Y09BM1362310 | H44: 2001339 | I44: 202204180009 | J44: 2.71 | L44: 朗华
A45: 44 | B45: HK Bitmain | C45: 44666 | D45: 世纪云芯 | E45: XJ | F45: BM1362AI | G45: Y09BM1362110 | H45: 114266 | I45: 202204180009 | J45: 2.71 | L45: 朗华
A46: 45 | B46: HK Bitmain | C46: 44666 | D46: 世纪云芯 | E46: XJ | F46: BM1362AC | G46: Y09BM1362C00 | H46: 24219 | I46: 202204180009 | J46: 2.71 | L46: 朗华
A47: 46 | B47: HK Bitmain | C47: 44666 | D47: 世纪云芯 | E47: XJ | F47: BM1489 | G47: Y09BM1489010 | H47: 19179 | I47: 202204180009 | J47: 7.51 | L47: 朗华
A48: 47 | B48: HK Bitmain | C48: 44666 | D48: 世纪云芯 | E48: 无锡伟测 | F48: BM1362AK | G48: Y09BM1362310 | H48: 314883 | I48: 202204180010 | J48: 2.71 | L48: 朗华
A49: 48 | B49: HK Bitmain | C49: 44669 | D49: 世纪云芯 | E49: spilsz | F49: BM1366AG | G49: Y09BM1366820 | H49: 4160 | I49: 202204180011 | J49: 4.54 | L49: 朗华
A50: 49 | B50: HK Bitmain | C50: 44669 | D50: 世纪云芯 | E50: spilsz | F50: BM1366AB | G50: Y09BM1366120 | H50: 1986 | I50: 1004202204180029 | J50: 4.54 | L50: 朗华
A51: 50 | B51: HK Bitmain | C51: 44669 | D51: 世纪云芯 | E51: 捷策创 | F51: BM1366AG | G51: Y09BM1366820 | H51: 32851 | I51: 202204200006 | J51: 4.54 | L51: 朗华
A52: 51 | B52: HK Bitmain | C52: 44669 | D52: 世纪云芯 | E52: 捷策创 | F52: BM1366AB | G52: Y09BM1366120 | H52: 4168 | I52: 202204200006 | J52: 4.54 | L52: 朗华
A53: 52 | B53: HK Bitmain | C53: 44669 | D53: 世纪云芯 | E53: 捷策创 | F53: BM1398BB | G53: Y09BM1398240 | H53: 112366 | I53: 202204200006 | J53: 5.03 | L53: 朗华
A54: 53 | B54: HK Bitmain | C54: 44669 | D54: 世纪云芯 | E54: 湖南越摩 | F54: BM1366AH | G54: Y09BM1366930 | H54: 200 | I54: 1004202204180031 | J54: 4.54 | L54: 朗华
A55: 54 | B55: HK Bitmain | C55: 44669 | D55: 世纪云芯 | E55: spiltw | F55: BM1366AG | G55: Y09BM1366820 | H55: 9968 | I55: 1004202204180032 | J55: 4.54 | L55: 朗华
... A81: 79 | B81: HK Bitmain | C81: 44680 | D81: 世纪云芯 | E81: 湖南越摩 | F81: BM1366AG | G81: Y09BM1366820 | H81: 1998 | I81: 1004202204290013 | J81: 4.54 | L81: 朗华

Sheet 5月
A1: 序号 | B1: 抬头 | C1: 出货日期 | D1: 主体 | E1: 测试厂 | F1: 型号 | G1: 物料编码 | H1: 数量 | I1: 采购订单号 | J1: 单价 | K1: 备注 | L1: 10000900
A2: 1 | B2: HK Bitmain | C2: 44687 | D2: 世纪云芯 | E2: 捷策创 | F2: BM1398BB | G2: Y09BM1398240 | H2: 151626 | I2: 1004202205080001 | J2: 5.03 | L2: 朗华
A3: 2 | B3: HK Bitmain | C3: 44687 | D3: 世纪云芯 | E3: XJ | F3: BM1489 | G3: Y09BM1489010 | H3: 57480 | I3: 1004202205080002 | J3: 7.51 | L3: 朗华
A4: 3 | B4: HK Bitmain | C4: 44688 | D4: 世纪云芯 | E4: XJ | F4: BM1798AA | G4: Y09BM1798010 | H4: 393 | I4: 1004202205080002 | J4: 264.51 | L4: 朗华
A5: 4 | B5: HK Bitmain | C5: 44688 | D5: 世纪云芯 | E5: XJ | F5: BM1362AK | G5: Y09BM1362310 | H5: 2000510 | I5: 1004202205080002 | J5: 2.71 | L5: 朗华
A6: 5 | B6: HK Bitmain | C6: 44688 | D6: 世纪云芯 | E6: XJ | F6: BM1362AC | G6: Y09BM1362C00 | H6: 1767347 | I6: 1004202205080002 | J6: 2.71 | L6: 朗华
A7: 6 | B7: HK Bitmain | C7: 44688 | D7: 世纪云芯 | E7: XJ | F7: BM1362AI | G7: Y09BM1362110 | H7: 149730 | I7: 1004202205080002 | J7: 2.71 | L7: 朗华
A8: 7 | B8: HK Bitmain | C8: 44688 | D8: 世纪云芯 | E8: XJ | F8: BM1489 | G8: Y09BM1489010 | H8: 11915 | I8: 1004202205080002 | J8: 7.51 | L8: 朗华
A9: 8 | B9: HK Bitmain | C9: 44688 | D9: 世纪云芯 | E9: JSCC | F9: BM1366AG | G9: Y09BM1366820 | H9: 4061 | I9: 1004202205080003 | J9: 4.54 | L9: 朗华
A10: 9 | B10: HK Bitmain | C10: 44690 | D10: 世纪云芯 | E10: asekh | F10: BM1366AG | G10: Y09BM1366820 | H10: 4192 | I10: 1004202205100001 | J10: 4.54 | L10: 朗华

Sheet 5月（海南）
A1: 序号 | B1: 抬头 | C1: 出货日期 | D1: 主体 | E1: 测试厂 | F1: 型号 | G1: 物料编码 | H1: 数量 | I1: 采购订单号 | J1: 新PO | K1: 人民币单价 | L1: 10000900
A2: 1 | B2: 海南比特 | C2: 2022-05-09 | D2: 世纪云芯 | E2: SCK | F2: BM1366AH | G2: Y09BM1366930 | H2: 9 | J2: SZK202206100028 | K2: 34.193901 | L2: 朗华
A3: 2 | B3: 海南比特 | C3: 2022-05-09 | D3: 世纪云芯 | E3: SCK | F3: BM1366BA | G3: Y09BM1366340 | H3: 104735 | I3: SZK1004202205120002取消改入SZK202205130018 | J3: SZK202206100028 | K3: 34.193901 | L3: 朗华
A4: 3 | B4: 海南比特 | C4: 2022-05-09 | D4: 世纪云芯 | E4: XJ | F4: BM1798AA | G4: Y09BM1798010 | H4: 3673 | I4: SZK1004202205120003 | J4: SZK202206100029 | K4: 1992.209 | L4: 朗华
A5: 4 | B5: 海南比特 | C5: 44691 | D5: 世纪云芯 | E5: SCK | F5: BM1362AK | G5: Y09BM1362310 | H5: 601896 | I5: SZK1004202205120004 | J5: SZK202206100034 | K5: 20.410897 | L5: 朗华
A6: 5 | B6: 海南比特 | C6: 44692 | D6: 世纪云芯 | E6: 捷策创 | F6: BM1398BB | G6: Y09BM1398240 | H6: 97096 | I6: SZK1004202205120005 | J6: SZK202206100035 | K6: 37.884432 | L6: 朗华
A7: 6 | B7: 海南比特 | C7: 44692 | D7: 世纪云芯 | E7: 捷策创 | F7: BM1362AC | G7: Y09BM1362C00 | H7: 608798 | I7: SZK1004202205120006 | J7: SZK202206100037 | K7: 20.410897 | L7: 朗华
A8: 7 | B8: 海南比特 | C8: 44692 | D8: 世纪云芯 | E8: 捷策创 | F8: BM1362AC | G8: Y09BM1362C00 | H8: 595482 | I8: SZK1004202205120006 | J8: SZK202206100037 | K8: 20.410897 | L8: 朗华
A9: 8 | B9: 海南比特 | C9: 44692 | D9: 世纪云芯 | E9: 无锡伟测 | F9: BM1366AG | G9: Y09BM1366820 | H9: 15034 | I9: SZK1004202205120007 | J9: SZK202206100038 | K9: 34.193901 | L9: 朗华
A10: 9 | B10: 海南比特 | C10: 44692 | D10: 世纪云芯 | E10: 无锡伟测 | F10: BM1366AH | G10: Y09BM1366930 | H10: 91931 | I10: SZK1004202205120007 | J10: SZK202206100039 | K10: 34.193901 | L10: 朗华
A11: 11 | B11: 海南比特 | C11: 44693 | D11: 世纪云芯 | E11: spilsz | F11: BM1366AG | G11: Y09BM1366820 | H11: 31380 | I11: SZK202205130023 | J11: SZK202206100040 | K11: 34.193901 | L11: 朗华
A12: 12 | B12: 海南比特 | C12: 44694 | D12: 世纪云芯 | E12: XJ | F12: BM1362AK | G12: Y09BM1362310 | H12: 2000972 | I12: SZK202205130024 | J12: SZK202206100041 | K12: 20.410897 | L12: 朗华
A13: 13 | B13: 海南比特 | C13: 44694 | D13: 世纪云芯 | E13: XJ | F13: BM1362AB | G13: Y09BM1362B00 | H13: 1243 | I13: SZK202205130024 | J13: SZK202206100041 | K13: 20.410897 | L13: 朗华
A14: 14 | B14: 海南比特 | C14: 44694 | D14: 世纪云芯 | E14: XJ | F14: BM1362AC | G14: Y09BM1362C00 | H14: 438454 | I14: SZK202205130024 | J14: SZK202206100041 | K14: 20.410897 | L14: 朗华
A15: 15 | B15: 海南比特 | C15: 44694 | D15: 世纪云芯 | E15: XJ | F15: BM1362AI | G15: Y09BM1362110 | H15: 7597 | I15: SZK202205130024 | J15: SZK202206100041 | K15: 20.410897 | L15: 朗华
A16: 16 | B16: 海南比特 | C16: 44694 | D16: 世纪云芯 | E16: XJ | F16: BM1362AA | G16: Y09BM1362A00 | H16: 2210 | I16: SZK202205130024 | J16: SZK202206100041 | K16: 20.410897 | L16: 朗华
... A27: 27 | B27: 海南比特 | C27: 44699 | D27: 世纪云芯 | E27: SCK | F27: BM1366AH | G27: Y09BM1366930 | H27: 154 | I27: SZK202205190007 | J27: SZK202206100047 | K27: 34.193901 | L27: 世纪通
A28: 28 | B28: 海南比特 | C28: 44699 | D28: 世纪云芯 | E28: 捷策创 | F28: BM1489 | G28: Y09BM1489010 | H28: 212548 | I28: SZK202205190008/改成SZK202205250030PO | J28: SZK202206100048 | K28: 56.563039 | L28: 世纪通 | M28: 物流改了报关价格；重新下PO入库
A29: 29 | B29: 海南比特 | C29: 44699 | D29: 世纪云芯 | E29: 捷策创 | F29: BM1362AK | G29: Y09BM1362310 | H29: 1042992 | I29: SZK202205190008 | J29: SZK202206100048 | K29: 20.410897 | L29: 世纪通
A30: 30 | B30: 海南比特 | C30: 44699 | D30: 世纪云芯 | E30: XJ | F30: BM1362AC | G30: Y09BM1362C00 | H30: 187795 | I30: SZK202205190009 | J30: SZK202206100049 | K30: 20.410897 | L30: 世纪通
A31: 31 | B31: 海南比特 | C31: 44699 | D31: 世纪云芯 | E31: XJ | F31: BM1362AI | G31: Y09BM1362110 | H31: 18090 | I31: SZK202205190009 | J31: SZK202206100049 | K31: 20.410897 | L31: 世纪通
A32: 32 | B32: 海南比特 | C32: 44699 | D32: 世纪云芯 | E32: XJ | F32: BM1798AA | G32: Y09BM1798010 | H32: 25 | I32: SZK202205190009 | J32: SZK202206100049 | K32: 1992.209 | L32: 世纪通
A33: 33 | B33: 海南比特 | C33: 44701 | D33: 世纪云芯 | E33: 捷策创 | F33: BM1489 | G33: Y09BM1489010 | H33: 76510 | I33: SZK202205220002 | J33: SZK202206100050 | K33: 56.563039 | L33: 朗华
A34: 34 | B34: 海南比特 | C34: 44701 | D34: 世纪云芯 | E34: 捷策创 | F34: BM1489 | G34: Y09BM1489010 | H34: 101438 | I34: SZK202205220002 | J34: SZK202206100050 | K34: 56.563039 | L34: 朗华
A35: 35 | B35: 海南比特 | C35: 44701 | D35: 世纪云芯 | E35: 捷策创 | F35: BM1398BB | G35: Y09BM1398240 | H35: 101279 | I35: SZK202205220002 | J35: SZK202206100050 | K35: 37.884432 | L35: 朗华
A36: 36 | B36: 海南比特 | C36: 44701 | D36: 世纪云芯 | E36: 捷策创 | F36: BM1362AK | G36: Y09BM1362310 | H36: 2261903 | I36: SZK202205220002 | J36: SZK202206100050 | K36: 20.410897 | L36: 朗华
A37: 37 | B37: 海南比特 | C37: 44701 | D37: 世纪云芯 | E37: 伟测 | F37: BM1362AK | G37: Y09BM1362310 | H37: 2071337 | I37: SZK202205220002 | J37: SZK202206100051 | K37: 20.410897 | L37: 朗华 | M37: 物流把供应商名称写错了
A38: 38 | B38: 海南比特 | C38: 44701 | D38: 世纪云芯 | E38: ASEKH | F38: BM1366AB | G38: Y09BM1366120 | H38: 2191 | I38: SZK202205220003 | J38: SZK202206100052 | K38: 34.193901 | L38: 朗华
A39: 39 | B39: 海南比特 | C39: 44701 | D39: 世纪云芯 | E39: XJ | F39: BM1362AK | G39: Y09BM1362310 | H39: 1802463 | I39: SZK202205220004 | J39: SZK202206100053 | K39: 20.410897 | L39: 朗华
A40: 40 | B40: 海南比特 | C40: 44701 | D40: 世纪云芯 | E40: XJ | F40: BM1362AC | G40: Y09BM1362C00 | H40: 106484 | I40: SZK202205220004 | J40: SZK202206100053 | K40: 20.410897 | L40: 朗华
A41: 41 | B41: 海南比特 | C41: 44701 | D41: 世纪云芯 | E41: XJ | F41: BM1362AI | G41: Y09BM1362110 | H41: 67930 | I41: SZK202205220004 | J41: SZK202206100053 | K41: 20.410897 | L41: 朗华
A42: 42 | B42: 海南比特 | C42: 44701 | D42: 世纪云芯 | E42: XJ | F42: BM1489 | G42: Y09BM1489010 | H42: 111256 | I42: SZK202205220004 | J42: SZK202206100053 | K42: 56.563039 | L42: 朗华
A43: 43 | B43: 海南比特 | C43: 44704 | D43: 世纪云芯 | E43: 捷策创 | F43: BM1489 | G43: Y09BM1489010 | H43: 114902 | I43: SZK202205240014 | J43: SZK202206100055 | K43: 56.563039 | L43: 朗华
A44: 44 | B44: 海南比特 | C44: 44704 | D44: 世纪云芯 | E44: XJ | F44: BM1362AK | G44: Y09BM1362310 | H44: 2004927 | I44: SZK202205240015 | J44: SZK202206100056 | K44: 20.410897 | L44: 朗华
A45: 45 | B45: 海南比特 | C45: 44704 | D45: 世纪云芯 | E45: XJ | F45: BM1489 | G45: Y09BM1489010 | H45: 15812 | I45: SZK202205240015 | J45: SZK202206100056 | K45: 56.563039 | L45: 朗华
A46: 46 | B46: 海南比特 | C46: 44704 | D46: 世纪云芯 | E46: 捷策创 | F46: BM1366AG | G46: Y09BM1366820 | H46: 51945 | I46: SZK202205240016 | J46: SZK202206100057 | K46: 34.193901 | L46: 朗华
A47: 47 | B47: 海南比特 | C47: 44704 | D47: 世纪云芯 | E47: 捷策创 | F47: BM1489 | G47: Y09BM1489010 | H47: 49891 | I47: SZK202205240016 | J47: SZK202206100057 | K47: 56.563039 | L47: 朗华
A48: 48 | B48: 海南比特 | C48: 44704 | D48: 世纪云芯 | E48: 湖南越摩 | F48: BM1366AG | G48: Y09BM1366820 | H48: 572 | I48: SZK202205240017 | J48: SZK202206100058 | K48: 34.193901 | L48: 朗华
A49: 49 | B49: 海南比特 | C49: 44704 | D49: 世纪云芯 | E49: 无锡伟测 | F49: BM1362AC | G49: Y09BM1362C00 | H49: 425137 | I49: SZK202205240018 | J49: SZK202206100059 | K49: 20.410897 | L49: 朗华
... A78: 17 | B78: 海南比特 | C78: 44718 | D78: 世纪云芯 | E78: SCK | F78: BM1362AK | G78: Y09BM1362310 | H78: 482174 | I78: SZK202206070014 | J78: SZK202206090041 | K78: 19.366046 | L78: 朗华

Sheet 6月（海南）
A1: 序号 | B1: 抬头 | C1: 出货日期 | D1: 主体 | E1: 测试厂 | F1: 型号 | G1: 物料编码 | H1: 数量 | I1: 采购订单号 | J1: 新PO | K1: 单价 | L1: 10000900
A2: 1 | B2: 海南比特 | C2: 44713 | D2: 世纪云芯 | E2: 湖南越摩 | F2: BM1366AG | G2: Y09BM1366820 | H2: 1193 | I2: SZK202206070003 | J2: SZK202206090030 | K2: 33.845968 | L2: 朗华
A3: 2 | B3: 海南比特 | C3: 44713 | D3: 世纪云芯 | E3: asekh | F3: BM1366AB | G3: Y09BM1366120 | H3: 231 | I3: SZK202206070004 | J3: SZK202206090031 | K3: 33.845968 | L3: 朗华
A4: 3 | B4: 海南比特 | C4: 44713 | D4: 世纪云芯 | E4: XJ | F4: BM1366AG | G4: Y09BM1366820 | H4: 30875 | I4: SZK202206070005 | J4: SZK202206090032 | K4: 33.845968 | L4: 朗华
A5: 4 | B5: 海南比特 | C5: 44713 | D5: 世纪云芯 | E5: 捷策创 | F5: BM1366AG | G5: Y09BM1366820 | H5: 361316 | I5: SZK202206070006 | J5: SZK202206090033 | K5: 33.845968 | L5: 朗华
A6: 5 | B6: 海南比特 | C6: 44713 | D6: 世纪云芯 | E6: SCK | F6: BM1366AH | G6: Y09BM1366930 | H6: 77 | I6: SZK202206070007 | J6: SZK202206090034 | K6: 33.845968 | L6: 朗华
A7: 6 | B7: 海南比特 | C7: 44714 | D7: 世纪云芯 | E7: XJ | F7: BM1362AK | G7: Y09BM1362310 | H7: 2000945 | I7: SZK202206070008 | J7: SZK202206090035 | K7: 20.219624 | L7: 朗华
A8: 7 | B8: 海南比特 | C8: 44714 | D8: 世纪云芯 | E8: XJ | F8: BM1366AG | G8: Y09BM1366820 | H8: 115724 | I8: SZK202206070008 | J8: SZK202206090035 | K8: 33.845968 | L8: 朗华
A9: 8 | B9: 海南比特 | C9: 44714 | D9: 世纪云芯 | E9: 捷策创 | F9: BM1366AG | G9: Y09BM1366820 | H9: 514389 | I9: SZK202206070009 | J9: SZK202206090036 | K9: 33.845968 | L9: 朗华
A10: 9 | B10: 海南比特 | C10: 44714 | D10: 世纪云芯 | E10: TF | F10: BM1366AB | G10: Y09BM1366120 | H10: 996 | I10: SZK202206070010 | J10: SZK202206090037 | K10: 33.845968 | L10: 朗华
A11: 10 | B11: 海南比特 | C11: 44718 | D11: 世纪云芯 | E11: spilsz | F11: BM1366AG | G11: Y09BM1366820 | H11: 4193 | J11: SZK202206090038 | K11: 33.845968 | L11: 朗华
A12: 11 | B12: 海南比特 | C12: 44718 | D12: 世纪云芯 | E12: XJ | F12: BM1362AK | G12: Y09BM1362310 | H12: 1001415 | I12: SZK202206070012 | J12: SZK202206090039 | K12: 20.219624 | L12: 朗华
A13: 12 | B13: 海南比特 | C13: 44718 | D13: 世纪云芯 | E13: 捷策创 | F13: BM1366AG | G13: Y09BM1366820 | H13: 618016 | I13: SZK202206070013 | J13: SZK202206090040 | K13: 33.845968 | L13: 朗华
A14: 13 | B14: 海南比特 | C14: 44718 | D14: 世纪云芯 | E14: SCK | F14: BM1727AA | G14: Y09BM1727010 | H14: 12066 | J14: SZK202206090027 | K14: 29.582181 | L14: 朗华
A15: 14 | B15: 海南比特 | C15: 44718 | D15: 世纪云芯 | E15: SCK | F15: BM2042AA | G15: Y09BM2042010 | H15: 12046 | J15: SZK202206090027 | K15: 29.582181 | L15: 朗华
A16: 15 | B16: 海南比特 | C16: 44718 | D16: 世纪云芯 | E16: SCK | F16: BM2110AA | G16: Y09BM2110010 | H16: 11728 | J16: SZK202206090027 | K16: 29.582181 | L16: 朗华
A17: 16 | B17: 海南比特 | C17: 44718 | D17: 世纪云芯 | E17: SCK | F17: BM2130AA | G17: Y09BM2130010 | H17: 11944 | J17: SZK202206090027 | K17: 29.582181 | L17: 朗华
A18: 17 | B18: 海南比特 | C18: 44718 | D18: 世纪云芯 | E18: SCK | F18: BM1362AK | G18: Y09BM1362310 | H18: 482174 | I18: SZK202206070014 | J18: SZK202206090041 | K18: 19.366046 | L18: 朗华
A19: 18 | B19: 海南比特 | C19: 44719 | D19: 世纪云芯 | E19: SCK | F19: BM1766AA | G19: Y09BM1766010 | H19: 39627 | J19: SZK202206090042 | K19: 29.582181 | L19: 世纪通
A20: 19 | B20: 海南比特 | C20: 44719 | D20: 世纪云芯 | E20: SCK | F20: BM2042AA | G20: Y09BM2042010 | H20: 27734 | J20: SZK202206090042 | K20: 29.582181 | L20: 世纪通
A21: 20 | B21: 海南比特 | C21: 44719 | D21: 世纪云芯 | E21: SCK | F21: BM2110AA | G21: Y09BM2110010 | H21: 27014 | J21: SZK202206090042 | K21: 29.582181 | L21: 世纪通
A22: 21 | B22: 海南比特 | C22: 44719 | D22: 世纪云芯 | E22: SCK | F22: BM2130AA | G22: Y09BM2130010 | H22: 27470 | J22: SZK202206090042 | K22: 29.582181 | L22: 世纪通
A23: 22 | B23: 海南比特 | C23: 44720 | D23: 世纪云芯 | E23: XJ | F23: BM1362AK | G23: Y09BM1362310 | H23: 2008347 | J23: SZK202206090043 | K23: 20.219624 | L23: 朗华
A24: 23 | B24: 海南比特 | C24: 44720 | D24: 世纪云芯 | E24: XJ | F24: BM1366AG | G24: Y09BM1366820 | H24: 980875 | J24: SZK202206090043 | K24: 33.845968 | L24: 朗华
A25: 24 | B25: 海南比特 | C25: 44720 | D25: 世纪云芯 | E25: XJ | F25: BM1398BB | G25: Y09BM1398240 | H25: 863 | J25: SZK202206090043 | K25: 38.463171 | L25: 朗华
A26: 25 | B26: 海南比特 | C26: 44720 | D26: 世纪云芯 | E26: XJ | F26: BM1746AA | G26: Y09BM1746010 | H26: 905 | J26: SZK202206090043 | K26: 450.19529 | L26: 朗华
A27: 26 | B27: 海南比特 | C27: 44720 | D27: 世纪云芯 | E27: 捷策创 | F27: BM1366AG | G27: Y09BM1366820 | H27: 650342 | J27: SZK202206090044 | K27: 33.845968 | L27: 迅宇
A28: 27 | B28: 海南比特 | C28: 44720 | D28: 世纪云芯 | E28: 捷策创 | F28: BM1362AK | G28: Y09BM1362310 | H28: 1013212 | J28: SZK202206090044 | K28: 20.219624 | L28: 迅宇
A29: 28 | B29: 海南比特 | C29: 44721 | D29: 世纪云芯 | E29: SCK | F29: BM1727AA | G29: Y09BM1727010 | H29: 30175 | J29: SZK202206130021 | K29: 29.582181 | L29: 世纪通
A30: 29 | B30: 海南比特 | C30: 44721 | D30: 世纪云芯 | E30: SCK | F30: BM1766AA | G30: Y09BM1766010 | H30: 30001 | J30: SZK202206130021 | K30: 29.582181 | L30: 世纪通
... A50: 49 | B50: 海南比特 | C50: 44725 | D50: 世纪云芯 | E50: XJ | F50: BM1746AA | G50: Y09BM1746010 | H50: 3920 | J50: SZK202206140018 | K50: 450.19529 | L50: 朗华
A51: 50 | B51: 海南比特 | C51: 44701 | D51: 世纪云芯 | E51: ASEKH | F51: BM1366AB | G51: Y09BM1366120 | H51: 2190 | I51: SZK202206100052 | J51: SZK202207080002 | K51: 34.193901 | L51: 朗华 | M51: 5月份报关进品的一直被卡关，实物6月份才进来
A52: 51 | B52: 海南比特 | C52: 44727 | D52: 世纪云芯 | E52: SCK | F52: BM2042AA | G52: Y09BM2042010 | H52: 30124 | J52: SZK202206170036 | K52: 29.5822 | L52: 朗华
A53: 52 | B53: 海南比特 | C53: 44727 | D53: 世纪云芯 | E53: 捷策创 | F53: BM1398BB | G53: Y09BM1398240 | H53: 14296 | J53: SZK202206170038 | K53: 38.4632 | L53: 朗华
A54: 53 | B54: 海南比特 | C54: 44727 | D54: 世纪云芯 | E54: 捷策创 | F54: BM1362AK | G54: Y09BM1362310 | H54: 402497 | J54: SZK202206170038 | K54: 20.2196 | L54: 朗华
A55: 54 | B55: 海南比特 | C55: 44727 | D55: 世纪云芯 | E55: XJ | F55: BM1362AK | G55: Y09BM1362310 | H55: 4001973 | J55: SZK202206170039 | K55: 20.2196 | L55: 朗华
A56: 55 | B56: 海南比特 | C56: 44727 | D56: 世纪云芯 | E56: 伟测 | F56: BM1362AK | G56: Y09BM1362310 | H56: 2360723 | J56: SZK202206170040 | K56: 20.2196 | L56: 朗华
A57: 56 | B57: 海南比特 | C57: 44729 | D57: 世纪云芯 | E57: ASESH | F57: BM1366AH | G57: Y09BM1366930 | H57: 208 | J57: SZK202206200001 | K57: 33.846 | L57: 朗华 | M57: 4.43
A58: 57 | B58: 海南比特 | C58: 44729 | D58: 世纪云芯 | E58: 伟测 | F58: BM1362AK | G58: Y09BM1362310 | H58: 1511564 | J58: SZK202206200002 | K58: 20.2196 | L58: 朗华 | M58: 2.65
A59: 58 | B59: 海南比特 | C59: 44729 | D59: 世纪云芯 | E59: XJ | F59: BM1362AK | G59: Y09BM1362310 | H59: 3742238 | J59: SZK202206200003 | K59: 20.2196 | L59: 朗华 | M59: 2.65
A60: 59 | B60: 海南比特 | C60: 44729 | D60: 世纪云芯 | E60: XJ | F60: BM1362AA | G60: Y09BM1362A00 | H60: 4902 | J60: SZK202206200003 | K60: 20.2196 | L60: 朗华 | M60: 2.65
A61: 59 | B61: 海南比特 | C61: 44729 | D61: 世纪云芯 | E61: XJ | F61: BM1362AB | G61: Y09BM1362B00 | H61: 524 | J61: SZK202206200003 | K61: 20.2196 | L61: 朗华 | M61: 2.65
A62: 61 | B62: 海南比特 | C62: 44729 | D62: 世纪云芯 | E62: XJ | F62: BM1366AG | G62: Y09BM1366820 | H62: 416694 | J62: SZK202206200003 | K62: 33.846 | L62: 朗华 | M62: 4.43
A63: 62 | B63: 海南比特 | C63: 44729 | D63: 世纪云芯 | E63: XJ | F63: BM1362AC | G63: Y09BM1362C00 | H63: 3920732 | J63: SZK202206200003 | K63: 20.2196 | L63: 朗华 | M63: 2.65
A64: 63 | B64: 海南比特 | C64: 44729 | D64: 世纪云芯 | E64: XJ | F64: BM1362AI | G64: Y09BM1362110 | H64: 218012 | J64: SZK202206200003 | K64: 20.2196 | L64: 朗华 | M64: 2.65
A65: 64 | B65: 海南比特 | C65: 44729 | D65: 世纪云芯 | E65: ASE | F65: BM1366AG | G65: Y09BM1366820 | H65: 1993 | J65: SZK202206200004 | K65: 33.846 | L65: 朗华 | M65: 4.43
A66: 65 | B66: 海南比特 | C66: 44729 | D66: 世纪云芯 | E66: 捷策创 | F66: BM1366AG | G66: Y09BM1366820 | H66: 971630 | J66: SZK202206200005 | K66: 33.846 | L66: 朗华 | M66: 4.43
A67: 66 | B67: 海南比特 | C67: 44732 | D67: 世纪云芯 | E67: XJ | F67: BM1362AK | G67: Y09BM1362310 | H67: 3418965 | J67: SZK202206220013 | K67: 20.2196 | L67: 世纪通 | M67: 2.65
A68: 67 | B68: 海南比特 | C68: 44732 | D68: 世纪云芯 | E68: XJ | F68: BM1366AG | G68: Y09BM1366820 | H68: 294676 | J68: SZK202206220013 | K68: 33.846 | L68: 世纪通 | M68: 4.43
... A75: 74 | B75: 海南比特 | C75: 44733 | D75: 世纪云芯 | E75: 无锡伟测 | F75: BM1366AG | G75: Y09BM1366820 | H75: 111570 | J75: SZK202206220019 | K75: 33.846 | L75: 朗华 | M75: 4.43
A76: 75 | B76: 海南比特 | C76: 44734 | D76: 世纪云芯 | E76: 捷策创 | F76: BM1362AC | G76: Y09BM1362C00 | H76: 190632 | J76: SZK202206230026 | K76: 20.2196
A77: 76 | B77: 海南比特 | C77: 44734 | D77: 世纪云芯 | E77: XJ | F77: BM1362AK | G77: Y09BM1362310 | H77: 2000145 | J77: SZK202206230027 | K77: 20.2196 | L77: 朗华
A78: 77 | B78: 海南比特 | C78: 44734 | D78: 世纪云芯 | E78: ASE | F78: BM1366AB | G78: Y09BM1366120 | H78: 231 | J78: SZK202206230028 | K78: 33.846 | L78: 朗华
A79: 78 | B79: 海南比特 | C79: 44734 | D79: 世纪云芯 | E79: ASE | F79: BM1366AG | G79: Y09BM1366820 | H79: 1989 | J79: SZK202206230029 | K79: 33.846 | L79: 朗华
A80: 79 | B80: 海南比特 | C80: 44734 | D80: 世纪云芯 | E80: 无锡伟测 | F80: BM1366AG | G80: Y09BM1366820 | H80: 356890 | J80: SZK202206230030 | K80: 33.846 | L80: 朗华
A81: 80 | B81: 海南比特 | C81: 44735 | D81: 世纪云芯 | E81: 无锡伟测 | F81: BM1362AC | G81: Y09BM1362C00 | H81: 246416 | J81: SZK202206230031 | K81: 20.2196 | L81: 迅宇
A82: 81 | B82: 海南比特 | C82: 44739 | D82: 世纪云芯 | E82: XJ | F82: BM1362AK | G82: Y09BM1362310 | H82: =195004+729360+1079425 | J82: SZK202206270021 | K82: 20.2196 | L82: 朗华
A83: 82 | B83: 海南比特 | C83: 44739 | D83: 世纪云芯 | E83: XJ | F83: BM1746AA | G83: Y09BM1746010 | H83: 710 | J83: SZK202206270021 | K83: 450.19529 | L83: 朗华
A84: 83 | B84: 海南比特 | C84: 44739 | D84: 世纪云芯 | E84: 捷策创 | F84: BM1398BB | G84: Y09BM1398240 | H84: 653445 | J84: SZK202206270022 | K84: 38.463171 | L84: 朗华
A85: 84 | B85: 海南比特 | C85: 44736 | D85: 世纪云芯 | E85: 无锡伟测 | F85: BM1362AK | G85: Y09BM1362310 | H85: 597355 | J85: SZK202206280002 | K85: 20.2196 | L85: 朗华
A86: 85 | B86: 海南比特 | C86: 44736 | D86: 世纪云芯 | E86: 捷策创 | F86: BM1362AC | G86: Y09BM1362C00 | H86: 36944 | J86: SZK202206280003 | K86: 20.2196 | L86: 朗华
A87: 86 | B87: 海南比特 | C87: 44736 | D87: 世纪云芯 | E87: 捷策创 | F87: BM1398BB | G87: Y09BM1398240 | H87: 6405 | J87: SZK202206280003 | K87: 38.463171 | L87: 朗华
A88: 87 | B88: 海南比特 | C88: 44736 | D88: 世纪云芯 | E88: 捷策创 | F88: BM1362AB | G88: Y09BM1362B00 | H88: 389 | J88: SZK202206280003 | K88: 20.2196 | L88: 朗华
A89: 88 | B89: 海南比特 | C89: 44736 | D89: 世纪云芯 | E89: XJ | F89: BM1362AC | G89: Y09BM1362C00 | H89: 17351 | J89: SZK202206280004 | K89: 20.2196 | L89: 朗华
A90: 89 | B90: 海南比特 | C90: 44736 | D90: 世纪云芯 | E90: XJ | F90: BM1362AK | G90: Y09BM1362310 | H90: 2000881 | J90: SZK202206280004 | K90: 20.2196 | L90: 朗华
A91: 90 | B91: 海南比特 | C91: 44741 | D91: 世纪云芯 | E91: SCK | F91: BM1366AH | G91: Y09BM1366930 | H91: 77 | J91: SZK202206290013 | K91: 33.846 | L91: 朗华
A92: 91 | B92: 海南比特 | C92: 44741 | D92: 世纪云芯 | E92: 捷策创 | F92: BM1398BB | G92: Y09BM1398240 | H92: 363124 | J92: SZK202206290014 | K92: 38.463171 | L92: 朗华
A93: 92 | B93: 海南比特 | C93: 44741 | D93: 世纪云芯 | E93: 捷策创 | F93: BM1362AK | G93: Y09BM1362310 | H93: 77904 | J93: SZK202206290014 | K93: 20.2196 | L93: 朗华
A94: 93 | B94: 海南比特 | C94: 44741 | D94: 世纪云芯 | E94: XJ | F94: BM1362AK | G94: Y09BM1362310 | H94: 2566532 | J94: SZK202206290015 | K94: 20.2196 | L94: 朗华
... A101: 100 | B101: 海南比特 | C101: 44741 | D101: 世纪云芯 | E101: 捷策创 | F101: BM1362AC | G101: Y09BM1362C00 | H101: 38 | J101: SZK202207020001 | K101: 20.2196 | L101: 迅宇
A102: 1 | B102: 海南比特 | C102: 44743 | D102: 世纪云芯 | E102: XJ | F102: BM1362AK | G102: Y09BM1362310 | H102: =13214+1454357+195984 | J102: SZK202207060001 | K102: 20.2839 | L102: 朗华 | M102: SZK202207310006
A103: 2 | B103: 海南比特 | C103: 44743 | D103: 世纪云芯 | E103: XJ | F103: BM1398BB | G103: Y09BM1398240 | H103: 30846 | J103: SZK202207060001 | K103: 38.463171 | L103: 朗华 | M103: SZK202207310006
A104: 3 | B104: 海南比特 | C104: 44743 | D104: 世纪云芯 | E104: 捷策创 | F104: BM1362AK | G104: Y09BM1362310 | H104: =3714+55980 | J104: SZK202207040010 | K104: 20.2839 | L104: 朗华 | M104: SZK202207310007
A105: 4 | B105: 海南比特 | C105: 44743 | D105: 世纪云芯 | E105: 捷策创 | F105: BM1362BD | G105: Y09BM1362D40 | H105: 40 | J105: SZK202207040010 | K105: 20.2839 | L105: 朗华 | M105: SZK202207310007
A106: 5 | B106: 海南比特 | C106: 44746 | D106: 世纪云芯 | E106: XJ | F106: BM1362AK | G106: Y09BM1362310 | H106: 1829636 | J106: SZK202207060018 | K106: 18.6786 | L106: 朗华
A107: 6 | B107: 海南比特 | C107: 44746 | D107: 世纪云芯 | E107: XJ | F107: BM1362AC | G107: Y09BM1362C00 | H107: 303087 | J107: SZK202207060018 | K107: 18.6786 | L107: 朗华
A108: 7 | B108: 海南比特 | C108: 44746 | D108: 世纪云芯 | E108: 无锡伟测 | F108: BM1362AK | G108: Y09BM1362310 | H108: 351407 | J108: SZK202207060019 | K108: 18.6786 | L108: 朗华
A109: 8 | B109: 海南比特 | C109: 44746 | D109: 世纪云芯 | E109: 无锡伟测 | F109: BM1362AK | G109: Y09BM1362310 | H109: 1304816 | J109: SZK202207060019 | K109: 18.6786 | L109: 朗华
A110: 9 | B110: 海南比特 | C110: 44747 | D110: 世纪云芯 | E110: 湖南越摩 | F110: BM1366AG | G110: Y09BM1366820 | H110: 999 | J110: SZK202207070043 | K110: 36.7568 | L110: 朗华
A111: 10 | B111: 海南比特 | C111: 44748 | D111: 世纪云芯 | E111: 捷策创 | F111: BM1489 | G111: Y09BM1489010 | H111: 3547 | J111: SZK202207070044 | K111: 55.2101 | L111: 朗华
A112: 11 | B112: 海南比特 | C112: 44748 | D112: 世纪云芯 | E112: 捷策创 | F112: BM1398BB | G112: Y09BM1398240 | H112: 63936 | J112: SZK202207070044 | K112: 32.7976 | L112: 朗华
A113: 12 | B113: 海南比特 | C113: 44748 | D113: 世纪云芯 | E113: XJ | F113: BM1362AK | G113: Y09BM1362310 | H113: 2331835 | J113: SZK202207070045 | K113: 18.6786 | L113: 朗华
A114: 13 | B114: 海南比特 | C114: 44748 | D114: 世纪云芯 | E114: XJ | F114: BM1362AC | G114: Y09BM1362C00 | H114: 13932 | J114: SZK202207070045 | K114: 18.6786 | L114: 朗华
A115: 14 | B115: 海南比特 | C115: 44750 | D115: 世纪云芯 | E115: XJ | F115: BM1362AK | G115: Y09BM1362310 | H115: 1206290 | J115: SZK202207310008 | K115: 20.2839 | L115: 朗华 | M115: SZK202208020060
A116: 15 | B116: 海南比特 | C116: 44750 | D116: 世纪云芯 | E116: XJ | F116: BM1489 | G116: Y09BM1489010 | H116: 12660 | J116: SZK202207310008 | K116: 55.2101 | L116: 朗华 | M116: SZK202208020060
A117: 16 | B117: 海南比特 | C117: 44750 | D117: 世纪云芯 | E117: 无锡伟测 | F117: BM1362AK | G117: Y09BM1362310 | H117: 283580 | J117: SZK202207090008 | K117: 20.2839 | L117: 朗华 | M117: SZK202207310009
A118: 17 | B118: 海南比特 | C118: 44750 | D118: 世纪云芯 | E118: SCK | F118: BM1727AA | G118: Y09BM1727010 | H118: 154 | J118: SZK202207090009 | K118: 26.5203 | L118: 朗华
A119: 18 | B119: 海南比特 | C119: 44753 | D119: 世纪云芯 | E119: 捷策创 | F119: BM1398BB | G119: Y09BM1398240 | H119: 596531 | J119: SZK202207120001 | K119: 32.7976 | L119: 朗华
A120: 19 | B120: 海南比特 | C120: 44753 | D120: 世纪云芯 | E120: 确安 | F120: BM1362AC | G120: Y09BM1362C00 | H120: 121701 | J120: SZK202207120002 | K120: 20.2839 | L120: 世纪通 | M120: SZK202207310010
A121: 20 | B121: 香港比特 | C121: 44755 | D121: 世纪云芯 | E121: spilsz | F121: BM1366AL | G121: Y09BM1366D10 | H121: 835031 | J121: SZK202207180010 | K121: 4.75 | L121: 朗华
A122: 21 | B122: 香港比特 | C122: 44755 | D122: 世纪云芯 | E122: 捷策创 | F122: BM1362AA | G122: Y09BM1362A00 | H122: 242499 | J122: SZK202207180004 | K122: 2.68 | L122: 朗华
A123: 22 | B123: 香港比特 | C123: 44755 | D123: 世纪云芯 | E123: 捷策创 | F123: BM1489 | G123: Y09BM1489010 | H123: 114 | J123: SZK202207180004 | K123: 7.31 | L123: 朗华
A124: 23 | B124: 香港比特 | C124: 44755 | D124: 世纪云芯 | E124: 捷策创 | F124: BM1362AK | G124: Y09BM1362310 | H124: 71956 | J124: SZK202207180004 | K124: 2.68 | L124: 朗华
A125: 24 | B125: 香港比特 | C125: 44755 | D125: 世纪云芯 | E125: ASEKH | F125: BM1366AG | G125: Y09BM1366820 | H125: 2183 | J125: SZK202207180005 | K125: 4.86 | L125: 朗华
A126: 25 | B126: 香港比特 | C126: 44755 | D126: 世纪云芯 | E126: SCK | F126: BM1366AG | G126: Y09BM1366820 | H126: 477229 | J126: SZK202207180006 | K126: 4.86 | L126: 朗华
A127: 26 | B127: 香港比特 | C127: 44755 | D127: 世纪云芯 | E127: SCK | F127: BM1366AH | G127: Y09BM1366930 | H127: 996 | J127: SZK202207180006 | K127: 4.86 | L127: 朗华
A128: 27 | B128: 香港比特 | C128: 44756 | D128: 世纪云芯 | E128: SCK | F128: BM1366AG | G128: Y09BM1366820 | H128: 207985 | J128: SZK202207180007 | K128: 4.75 | L128: 讯宇
A129: 28 | B129: 香港比特 | C129: 44756 | D129: 世纪云芯 | E129: SCK | F129: BM1362BD | G129: Y09BM1362D40 | H129: 683015 | J129: SZK202207180007 | K129: 2.57 | L129: 世纪通
A130: 29 | B130: 香港比特 | C130: 44757 | D130: 世纪云芯 | E130: SPILSZ | F130: BM1366AL | G130: #N/A | H130: 12489 | J130: SZK202207180011 | K130: 4.86 | L130: 讯宇
A131: 30 | B131: 香港比特 | C131: 44757 | D131: 世纪云芯 | E131: 捷策创 | F131: BM1362AK | G131: Y09BM1362310 | H131: 214513 | J131: SZK202207180008 | K131: 2.68 | L131: 朗华

Sheet 7月（香港）
A1: 序号 | B1: 抬头 | C1: 出货日期 | D1: 主体 | E1: 测试厂 | F1: 型号 | G1: 物料编码 | H1: 数量 | I1: 采购订单号 | J1: 新PO | K1: 单价 | L1: 10000900
A2: 1 | B2: 香港比特 | C2: 44755 | D2: 世纪云芯 | E2: spilsz | F2: BM1366AL | G2: Y09BM1366D10 | H2: 835031 | J2: SZK202207180010 | K2: 4.75 | L2: 朗华
A3: 2 | B3: 香港比特 | C3: 44755 | D3: 世纪云芯 | E3: 捷策创 | F3: BM1362AA | G3: Y09BM1362A00 | H3: 242499 | J3: SZK202207180004 | K3: 2.68 | L3: 朗华
A4: 3 | B4: 香港比特 | C4: 44755 | D4: 世纪云芯 | E4: 捷策创 | F4: BM1489 | G4: Y09BM1489010 | H4: 114 | J4: SZK202207180004 | K4: 7.31 | L4: 朗华
A5: 4 | B5: 香港比特 | C5: 44755 | D5: 世纪云芯 | E5: 捷策创 | F5: BM1362AK | G5: Y09BM1362310 | H5: 71956 | J5: SZK202207180004 | K5: 2.68 | L5: 朗华
A6: 5 | B6: 香港比特 | C6: 44755 | D6: 世纪云芯 | E6: ASEKH | F6: BM1366AG | G6: Y09BM1366820 | H6: 2183 | J6: SZK202207180005 | K6: 4.86 | L6: 朗华
A7: 6 | B7: 香港比特 | C7: 44755 | D7: 世纪云芯 | E7: SCK | F7: BM1366AG | G7: Y09BM1366820 | H7: 477229 | J7: SZK202207180006 | K7: 4.86 | L7: 朗华
A8: 7 | B8: 香港比特 | C8: 44755 | D8: 世纪云芯 | E8: SCK | F8: BM1366AH | G8: Y09BM1366930 | H8: 996 | J8: SZK202207180006 | K8: 4.86 | L8: 朗华
A9: 8 | B9: 香港比特 | C9: 44756 | D9: 世纪云芯 | E9: SCK | F9: BM1366AG | G9: Y09BM1366820 | H9: 207985 | J9: SZK202207180007 | K9: 4.75 | L9: 讯宇
A10: 9 | B10: 香港比特 | C10: 44756 | D10: 世纪云芯 | E10: SCK | F10: BM1362BD | G10: Y09BM1362D40 | H10: 683015 | J10: SZK202207180007 | K10: 2.57 | L10: 世纪通
A11: 10 | B11: 香港比特 | C11: 44757 | D11: 世纪云芯 | E11: SPILSZ | F11: BM1366AL | G11: Y09BM1366D10 | H11: 12489 | J11: SZK202207180011 | K11: 4.86 | L11: 讯宇
A12: 11 | B12: 香港比特 | C12: 44757 | D12: 世纪云芯 | E12: 捷策创 | F12: BM1362AK | G12: Y09BM1362310 | H12: 214513 | J12: SZK202207180008 | K12: 2.68 | L12: 朗华
A13: 12 | B13: 香港比特 | C13: 2022-07-16 | D13: 世纪云芯 | E13: XJ | F13: BM1798AA | G13: Y09BM1798010 | H13: 500 | J13: SZK202207180027 | K13: 261.94 | L13: 朗华
A14: 13 | B14: 香港比特 | C14: 2022-07-16 | D14: 世纪云芯 | E14: XJ | F14: BM1798AA | G14: Y09BM1798010 | H14: 200 | J14: SZK202207180027 | K14: 261.94 | L14: 朗华
A15: 14 | B15: 香港比特 | C15: 2022-07-17 | D15: 世纪云芯 | E15: XJ | F15: BM1798AA | G15: Y09BM1798010 | H15: 600 | J15: SZK202207180028 | K15: 261.94 | L15: 朗华
A16: 15 | B16: 香港比特 | C16: 2022-07-18 | D16: 世纪云芯 | E16: XJ | F16: BM1798AA | G16: Y09BM1798010 | H16: 800 | J16: SZK202207180029 | K16: 261.94 | L16: 朗华
A17: 16 | B17: 香港比特 | C17: 2022-07-18 | D17: 世纪云芯 | E17: 捷策创 | F17: BM1362AK | G17: Y09BM1362310 | H17: 677817 | J17: SZK202207180030 | K17: 2.68 | L17: 朗华
A18: 17 | B18: 香港比特 | C18: 2022-07-18 | D18: 世纪云芯 | E18: 捷策创 | F18: BM1362AK | G18: Y09BM1362310 | H18: 156522 | J18: SZK202207180030 | K18: 2.68 | L18: 朗华
A19: 插入（花姐下的） | B19: 香港比特 | C19: 44755 | D19: 世纪云芯 | E19: WINSTEK | F19: BM1366AL | G19: Y09BM1366D10 | H19: 1333 | J19: SZK202207200013 | K19: 4.86
A20: 18 | B20: 香港比特 | C20: 44762 | D20: 世纪云芯 | E20: 捷策创 | F20: BM1362AA | G20: Y09BM1362A00 | H20: 54096 | J20: SZK202207200022 | K20: 2.68 | L20: 世纪通 | M20: SZK202208020059
A21: 19 | B21: 香港比特 | C21: 44762 | D21: 世纪云芯 | E21: 捷策创 | F21: BM1362AC | G21: Y09BM1362C00 | H21: 37899 | J21: SZK202207200022 | K21: 2.68 | L21: 世纪通 | M21: SZK202208020059
A22: 20 | B22: 香港比特 | C22: 44762 | D22: 世纪云芯 | E22: 捷策创 | F22: BM1398BB | G22: Y09BM1398240 | H22: 656680 | J22: SZK202207200022 | K22: 4.28 | L22: 世纪通 | M22: SZK202208020059
A23: 21 | B23: 香港比特 | C23: 44762 | D23: 世纪云芯 | E23: SCK | F23: BM1727AA | G23: Y09BM1727010 | H23: 77 | J23: SZK202207200023 | K23: 3.51 | L23: 讯宇
A24: 22 | B24: 香港比特 | C24: 44762 | D24: 世纪云芯 | E24: XJ | F24: BM1798AA | G24: Y09BM1798010 | H24: 1400 | J24: SZK202207200023 | K24: 261.94 | L24: 讯宇
A25: 23 | B25: 香港比特 | C25: 44763 | D25: 世纪云芯 | E25: SCK | F25: BM1366AG | G25: Y09BM1366820 | H25: 4198 | J25: SZK202207210009 | K25: 4.86 | L25: 讯宇
A26: 24 | B26: 香港比特 | C26: 44763 | D26: 世纪云芯 | E26: XJ | F26: BM1798AA | G26: Y09BM1798010 | H26: 1000 | J26: SZK202207210010 | K26: 261.94 | L26: 讯宇
A27: 25 | B27: 香港比特 | C27: 44764 | D27: 世纪云芯 | E27: XJ | F27: BM1366AG | G27: Y09BM1366820 | H27: 237765 | J27: SZK202207230001 | K27: 4.86 | L27: 朗华
A28: 26 | B28: 香港比特 | C28: 44764 | D28: 世纪云芯 | E28: XJ | F28: BM1366AL | G28: Y09BM1366D10 | H28: 237865 | J28: SZK202207230001 | K28: 4.86 | L28: 朗华
A29: 27 | B29: 香港比特 | C29: 44764 | D29: 世纪云芯 | E29: XJ | F29: BM1366AG | G29: Y09BM1366820 | H29: 589893 | J29: SZK202207230001 | K29: 4.86 | L29: 朗华
A30: 28 | B30: 香港比特 | C30: 44764 | D30: 世纪云芯 | E30: XJ | F30: BM1798AA | G30: Y09BM1798010 | H30: 600 | J30: SZK202207230001 | K30: 261.94 | L30: 朗华
A31: 29 | B31: 香港比特 | C31: 44764 | D31: 世纪云芯 | E31: spil | F31: BM1798AB | G31: Y09BM1798110 | H31: 631 | J31: SZK202207250001 | K31: 261.94 | L31: 朗华 | M31: SZK202208100013
A32: 30 | B32: 香港比特 | C32: 44764 | D32: 世纪云芯 | E32: JSCC | F32: BM1366AG | G32: Y09BM1366820 | H32: 130310 | J32: SZK202207230002 | K32: 4.86 | L32: 朗华
A33: 31 | B33: 香港比特 | C33: 44764 | D33: 世纪云芯 | E33: JSCC | F33: BM1366AL | G33: Y09BM1366D10 | H33: 1225200 | J33: SZK202207230002 | K33: 4.86 | L33: 朗华
A34: 32 | B34: 香港比特 | C34: 44764 | D34: 世纪云芯 | E34: 捷策创 | F34: BM1398BB | G34: Y09BM1398240 | H34: 499575 | J34: SZK202207230003 | K34: 4.28 | L34: 讯宇
A35: 33 | B35: 香港比特 | C35: 44764 | D35: 智能云芯 | E35: XJ | F35: BM1684AE | G35: Y09BM1684440 | H35: 2229 | J35: ICK202207250001 | K35: 58.86 | L35: 朗华
A36: 34 | B36: 香港比特 | C36: 44767 | D36: 世纪云芯 | E36: 捷策创 | F36: BM1398BB | G36: Y09BM1398240 | H36: 788496 | J36: SZK202207260003 | K36: 4.28
A37: 35 | B37: 香港比特 | C37: 44767 | D37: 世纪云芯 | E37: XJ | F37: BM1366AG | G37: Y09BM1366820 | H37: 629693 | J37: SZK202207260004 | K37: 4.86 | L37: 世纪通
A38: 36 | B38: 香港比特 | C38: 44767 | D38: 世纪云芯 | E38: XJ | F38: BM1366AL | G38: Y09BM1366D10 | H38: 217395 | J38: SZK202207260004 | K38: 4.86 | L38: 世纪通
A39: 37 | B39: 香港比特 | C39: 44767 | D39: 世纪云芯 | E39: XJ | F39: BM1798AA | G39: Y09BM1798010 | H39: 172 | J39: SZK202207260004 | K39: 261.94 | L39: 世纪通
A40: 38 | B40: 香港比特 | C40: 44767 | D40: 世纪云芯 | E40: spilsz | F40: BM1366AH | G40: Y09BM1366930 | H40: 254 | J40: SZK202207260005 | K40: 4.86 | L40: 世纪通
A41: 39 | B41: 香港比特 | C41: 44769 | D41: 世纪云芯 | E41: ASEKH | F41: BM1366AB | G41: Y09BM1366120 | H41: 385 | J41: SZK202207280047 | K41: 4.86 | L41: 讯宇
A42: 40 | B42: 香港比特 | C42: 44769 | D42: 世纪云芯 | E42: 捷策创 | F42: BM1398BB | G42: Y09BM1398240 | H42: 633582 | J42: SZK202207280048 | K42: 4.28 | L42: 讯宇
A43: 41 | B43: 香港比特 | C43: 44770 | D43: 世纪云芯 | E43: spilsz | F43: BM1366AL | G43: Y09BM1366D10 | H43: 1860995 | J43: SZK202207290018 | K43: 4.75 | L43: 朗华
A44: 42 | B44: 香港比特 | C44: 44771 | D44: 世纪云芯 | E44: JSCC | F44: BM1398BB | G44: Y09BM1398240 | H44: 509014 | J44: SZK202207310001 | K44: 4.28 | L44: 朗华
A45: 43 | B45: 香港比特 | C45: 44771 | D45: 世纪云芯 | E45: 捷策创 | F45: BM1366AG | G45: Y09BM1366820 | H45: 1720 | J45: SZK202208020057 | K45: 4.86 | L45: 朗华
A46: 44 | B46: 香港比特 | C46: 44771 | D46: 世纪云芯 | E46: 捷策创 | F46: BM1366AL | G46: Y09BM1366D10 | H46: 592723 | J46: SZK202208020057 | K46: 4.86 | L46: 朗华
A47: 45 | B47: 香港比特 | C47: 44771 | D47: 世纪云芯 | E47: SPILSZ | F47: BM1366AL | G47: Y09BM1366D10 | H47: 418355 | J47: SZK202207310003 | K47: 4.75 | L47: 讯宇
A48: 46 | B48: 香港比特 | C48: 44771 | D48: 世纪云芯 | E48: SCK | F48: BM1798AC | G48: Y09BM1798130 | H48: 4 | J48: SZK202208010003 | K48: 261.94 | L48: 讯宇
... A50: 48 | B50: 香港比特 | C50: 44771 | D50: 世纪云芯 | E50: ASEKH | F50: BM1366AG | G50: Y09BM1366820 | H50: 231 | J50: SZK202207310005 | K50: 4.86 | L50: 讯宇

Sheet 2023（香港）
A1: 序号 | B1: 抬头 | C1: 出货日期 | D1: 主体 | E1: 测试厂 | F1: 型号 | G1: 物料编码 | H1: 数量 | I1: 新PO | J1: 发料外协 | K1: 10000900 | L1: 单价
A2: 1 | B2: chanhua | C2: 45212 | D2: 香港比特 | E2: WX-HN | F2: BM1366AL | G2: =VLOOKUP(F2,编码对账表!C:D,2,0) | H2: 159277 | I2: HKK202310160002 | K2: CHANHUA PTE. LTD. | L2: 4.070077
A3: 2 | B3: 福建湛华 | C3: 45212 | D3: 香港比特 | E3: 世纪 | F3: BM1368PA | G3: =VLOOKUP(F3,编码对账表!C:D,2,0) | H3: 250 | I3: HKK202310170001 | L3: 6.97512
A4: 3 | B4: chanhua | C4: 45233 | D4: 香港比特 | E4: WX-HN | F4: BM1366AL | G4: =VLOOKUP(F4,编码对账表!C:D,2,0) | H4: 94986 | I4: HKK202311090001 | J4: 泰国群光 | K4: CHANHUA PTE. LTD. | L4: 4.07
A5: 4 | B5: chanhua | C5: 45238 | D5: 香港比特 | E5: XJ | F5: BM1366BP | G5: =VLOOKUP(F5,编码对账表!C:D,2,0) | H5: 812102 | I5: HKK202311160002 | J5: 印尼奥海 | K5: CHANHUA PTE. LTD. | L5: 4.07
A6: 5 | B6: chanhua | C6: 45244 | D6: 香港比特 | E6: XJ | F6: BM1366BP | G6: =VLOOKUP(F6,编码对账表!C:D,2,0) | H6: 109666 | I6: HKK202311230006 | J6: 泰国群光 | K6: CHANHUA PTE. LTD. | L6: 4.07
A7: 6 | B7: chanhua | C7: 45243 | D7: 香港比特 | E7: XJ | F7: BM1366BP | G7: =VLOOKUP(F7,编码对账表!C:D,2,0) | H7: 1021095 | I7: HKK202311230007 | J7: 印尼奥海 | K7: CHANHUA PTE. LTD. | L7: 4.07
A8: 7 | B8: chanhua | C8: 45251 | D8: 香港比特 | E8: XJ | F8: BM1366BP | G8: =VLOOKUP(F8,编码对账表!C:D,2,0) | H8: 429228 | I8: HKK202311230008 | J8: 泰国群光 | K8: CHANHUA PTE. LTD. | L8: 4.07
A9: 8 | B9: chanhua | C9: 45252 | D9: 香港比特 | E9: XJ | F9: BM1366BP | G9: =VLOOKUP(F9,编码对账表!C:D,2,0) | H9: 181661 | I9: HKK202311230009 | J9: 泰国群光 | K9: CHANHUA PTE. LTD. | L9: 4.07
A10: 9 | B10: chanhua | C10: 45251 | D10: 香港比特 | E10: XJ | F10: BM1366BP | G10: =VLOOKUP(F10,编码对账表!C:D,2,0) | H10: 51657 | I10: HKK202311230010 | J10: 印尼奥海 | K10: CHANHUA PTE. LTD. | L10: 4.07
A11: 10 | B11: chanhua | C11: 45254 | D11: 香港比特 | E11: XJ | F11: BM1366BP | G11: =VLOOKUP(F11,编码对账表!C:D,2,0) | H11: 1007680 | I11: HKK202312010001 | J11: 印尼奥海 | K11: CHANHUA PTE. LTD. | L11: 4.07
A12: 11 | B12: chanhua | C12: 45254 | D12: 香港比特 | E12: NJ-VT | F12: BM1366BP | G12: =VLOOKUP(F12,编码对账表!C:D,2,0) | H12: 93348 | I12: HKK202312010003 | J12: 印尼奥海 | K12: CHANHUA PTE. LTD. | L12: 4.07
A13: 12 | B13: chanhua | C13: 45254 | D13: 香港比特 | E13: XJ | F13: BM1366AL | G13: =VLOOKUP(F13,编码对账表!C:D,2,0) | H13: 178297 | I13: HKK202312010002 | J13: 印尼奥海 | K13: CHANHUA PTE. LTD. | L13: 4.07
A14: 13 | B14: chanhua | C14: 45254 | D14: 香港比特 | E14: WX-HN | F14: BM1366AL | G14: =VLOOKUP(F14,编码对账表!C:D,2,0) | H14: 544692 | I14: HKK202312010004 | J14: 印尼奥海 | K14: CHANHUA PTE. LTD. | L14: 4.07
A15: 14 | B15: chanhua | C15: 45257 | D15: 香港比特 | E15: NJ-VT | F15: BM1366AL | G15: =VLOOKUP(F15,编码对账表!C:D,2,0) | H15: 96852 | I15: HKK202312010005 | J15: 印尼奥海 | K15: CHANHUA PTE. LTD. | L15: 4.07
... A47: 46 | B47: chanhua | C47: 45289 | D47: 香港比特 | E47: SPILSZ | F47: BM1368PB | G47: =VLOOKUP(F47,编码对账表!C:D,2,0) | H47: 198288 | I47: HKK202401050008 | J47: 泰国益权 | K47: CHANHUA PTE. LTD. | L47: 4.3949

Sheet 2024（香港）
A1: 序号 | B1: 抬头 | C1: 出货日期 | D1: 主体 | E1: 测试厂 | F1: 型号 | G1: 物料编码 | H1: 数量 | I1: 新PO | J1: 发料外协 | K1: 10000900 | L1: 单价 | M1: SO
A2: 1 | B2: chanhua | C2: 45301 | D2: 香港比特 | E2: XJ | F2: BM1368AA | G2: =VLOOKUP(F2,编码对账表!C:D,2,0) | H2: 162222 | I2: HKK202401170010 | J2: 印尼奥海 | K2: CHANHUA PTE. LTD. | L2: 5.428
A3: 2 | B3: chanhua | C3: 45302 | D3: 香港比特 | E3: JSCC | F3: BM1368PB | G3: =VLOOKUP(F3,编码对账表!C:D,2,0) | H3: 885687 | I3: HKK202401170003 | J3: 印尼奥海 | K3: CHANHUA PTE. LTD. | L3: 4.3949
A4: 3 | B4: chanhua | C4: 45303 | D4: 香港比特 | E4: NJ-VT | F4: BM1366AL | G4: =VLOOKUP(F4,编码对账表!C:D,2,0) | H4: 7335 | I4: HKK202401170004 | J4: 印尼奥海 | K4: CHANHUA PTE. LTD. | L4: 4.0649
A5: 4 | B5: chanhua | C5: 45303 | D5: 香港比特 | E5: XJ | F5: BM1368AA | G5: =VLOOKUP(F5,编码对账表!C:D,2,0) | H5: 124762 | I5: HKK202401170005 | J5: 印尼奥海 | K5: CHANHUA PTE. LTD. | L5: 5.428
A6: 5 | B6: chanhua | C6: 45303 | D6: 香港比特 | E6: SPIL | F6: BM1368PB | G6: =VLOOKUP(F6,编码对账表!C:D,2,0) | H6: 2201734 | I6: HKK202401170006 | J6: 印尼奥海 | K6: CHANHUA PTE. LTD. | L6: 4.3949
A7: 6 | B7: chanhua | C7: 45303 | D7: 香港比特 | E7: WXHN | F7: BM1368PB | G7: =VLOOKUP(F7,编码对账表!C:D,2,0) | H7: 1766492 | I7: HKK202401170007 | J7: 泰国益权 | K7: CHANHUA PTE. LTD. | L7: 4.3949
A8: 7 | B8: chanhua | C8: 45303 | D8: 香港比特 | E8: XJ | F8: BM1368AA | G8: =VLOOKUP(F8,编码对账表!C:D,2,0) | H8: 162754 | I8: HKK202401170008 | J8: 泰国群光 | K8: CHANHUA PTE. LTD. | L8: 5.428
A9: 8 | B9: chanhua | C9: 45304 | D9: 香港比特 | E9: NJ-VT | F9: BM1366AL | G9: =VLOOKUP(F9,编码对账表!C:D,2,0) | H9: 108869 | I9: HKK202401170009 | J9: 泰国益权 | K9: CHANHUA PTE. LTD. | L9: 4.0649
A10: 9 | B10: 香港比特 | C10: 45310 | D10: 香港比特 | E10: 世纪云芯 | F10: BM1366AG | G10: =VLOOKUP(F10,编码对账表!C:D,2,0) | H10: 1402815 | I10: HKK202401190002 | J10: WXHN | K10: CHANHUA PTE. LTD. | L10: 5.0841
A11: 10 | B11: 香港比特 | C11: 45310 | D11: 香港比特 | E11: 世纪云芯 | F11: BM1366AL | G11: =VLOOKUP(F11,编码对账表!C:D,2,0) | H11: 1580851 | I11: HKK202401190002 | J11: WXHN | K11: CHANHUA PTE. LTD. | L11: 5.0841
A12: 11 | B12: 香港比特 | C12: 45310 | D12: 香港比特 | E12: 世纪云芯 | F12: BM1489 | G12: =VLOOKUP(F12,编码对账表!C:D,2,0) | H12: 173351 | I12: HKK202401190003 | J12: XJ | K12: CHANHUA PTE. LTD. | L12: 7.3261
A13: 12 | B13: chanhua | C13: 45306 | D13: 香港比特 | E13: WXHN | F13: BM1366AL | G13: =VLOOKUP(F13,编码对账表!C:D,2,0) | H13: 128377 | I13: HKK202401240001 | J13: 泰国益权 | K13: CHANHUA PTE. LTD. | L13: 4.0649
... A27: 26 | B27: chanhua | C27: 45317 | D27: 香港比特 | E27: XJ | F27: BM1368PB | G27: =VLOOKUP(F27,编码对账表!C:D,2,0) | H27: 388608 | I27: HKK202402020034 | J27: 泰国益权 | K27: CHANHUA PTE. LTD. | L27: 4.3949
A28: 27 | B28: chanhua | C28: 45317 | D28: 新加坡比特 | E28: WX-HN | F28: BM1368PB | G28: =VLOOKUP(F28,编码对账表!C:D,2,0) | H28: 1328315 | I28: 202402020002 | J28: 泰国ONETEC | L28: 4.3949
A29: 28 | B29: chanhua | C29: 45320 | D29: 香港比特 | E29: WX-HN | F29: BM1366AL | G29: =VLOOKUP(F29,编码对账表!C:D,2,0) | H29: 381192 | I29: HKK202402020035 | J29: 印尼奥海 | K29: CHANHUA PTE. LTD. | L29: 4.0649
A30: 29 | B30: chanhua | C30: 45320 | D30: 香港比特 | E30: XJ | F30: BM1368AA | G30: =VLOOKUP(F30,编码对账表!C:D,2,0) | H30: 1413717 | I30: HKK202402020036 | J30: 印尼奥海 | K30: CHANHUA PTE. LTD. | L30: 5.428
A31: 30 | B31: chanhua | C31: 45320 | D31: 香港比特 | E31: JSCC | F31: BM1368PB | G31: =VLOOKUP(F31,编码对账表!C:D,2,0) | H31: 1225823 | I31: HKK202402020037 | J31: 泰国益权 | K31: CHANHUA PTE. LTD. | L31: 4.3949
A32: 31 | B32: chanhua | C32: 45322 | D32: 香港比特 | E32: WX-HN | F32: BM1368PB | G32: =VLOOKUP(F32,编码对账表!C:D,2,0) | H32: 783344 | I32: HKK202402020038 | J32: 泰国益权 | K32: CHANHUA PTE. LTD. | L32: 4.3949
A33: 32 | B33: chanhua | C33: 45322 | D33: 香港比特 | E33: XJ | F33: BM1366AL | G33: =VLOOKUP(F33,编码对账表!C:D,2,0) | H33: 348383 | I33: HKK202402020039 | J33: 泰国益权 | K33: CHANHUA PTE. LTD. | L33: 4.0649
A34: 33 | B34: chanhua | C34: 45322 | D34: 香港比特 | E34: XJ | F34: BM1368AA | G34: =VLOOKUP(F34,编码对账表!C:D,2,0) | H34: 1127272 | I34: HKK202402020040 | J34: 泰国群光 | K34: CHANHUA PTE. LTD. | L34: 5.428
A35: 34 | B35: chanhua | C35: 45323 | D35: 香港比特 | E35: SPILSZ | F35: BM1368PB | G35: =VLOOKUP(F35,编码对账表!C:D,2,0) | H35: 79597 | I35: HKK202402080001 | J35: 泰国益权 | K35: CHANHUA PTE. LTD. | L35: 4.3949
A36: 35 | B36: chanhua | C36: 45324 | D36: 香港比特 | E36: XJ | F36: BM1368AA | G36: =VLOOKUP(F36,编码对账表!C:D,2,0) | H36: 183951 | I36: HKK202402080002 | J36: 泰国群光 | K36: CHANHUA PTE. LTD. | L36: 5.428
A37: 36 | B37: chanhua | C37: 45324 | D37: 香港比特 | E37: XJ | F37: BM1368AA | G37: =VLOOKUP(F37,编码对账表!C:D,2,0) | H37: 451567 | I37: HKK202402080003 | J37: 印尼奥海 | K37: CHANHUA PTE. LTD. | L37: 5.428
A38: 37 | B38: chanhua | C38: 45324 | D38: 香港比特 | E38: WX-HN | F38: BM1368AA | G38: =VLOOKUP(F38,编码对账表!C:D,2,0) | H38: 1243730 | I38: HKK202402080004 | J38: 印尼奥海 | K38: CHANHUA PTE. LTD. | L38: 5.428
A39: 38 | B39: chanhua | C39: 45326 | D39: 香港比特 | E39: SPILSZ | F39: BM1368PB | G39: =VLOOKUP(F39,编码对账表!C:D,2,0) | H39: 69308 | I39: HKK202402080005 | J39: 泰国群光 | K39: CHANHUA PTE. LTD. | L39: 4.3949
A40: 39 | B40: chanhua | C40: 45326 | D40: 香港比特 | E40: SPILSZ | F40: BM1368PV | G40: =VLOOKUP(F40,编码对账表!C:D,2,0) | H40: 287712 | I40: HKK202402080006 | J40: 泰国群光 | K40: CHANHUA PTE. LTD. | L40: 4.3949
... A145: 144 | B145: chanhua | C145: 45379 | D145: 新加坡比特 | E145: JSCC | F145: BM1368PB | G145: =VLOOKUP(F145,编码对账表!C:D,2,0) | H145: 1778068 | I145: 202404030004 | J145: 泰国onetec | K145: CHANHUA PTE. LTD. | L145: 5.4206
A146: 145 | B146: chanhua | C146: 45358 | D146: chanhua | E146: 世纪云芯 | F146: BM1370AA | G146: =VLOOKUP(F146,编码对账表!C:D,2,0) | H146: 154 | I146: 202404070001 | J146: SCK | K146: CHANHUA PTE. LTD. | L146: 5.2301 | M146: 已接收
A147: 145 | B147: chanhua | C147: 45359 | D147: chanhua | E147: 世纪云芯 | F147: BM1370AA | G147: =VLOOKUP(F147,编码对账表!C:D,2,0) | H147: 2165 | I147: 202404070002 | J147: JSCC | K147: CHANHUA PTE. LTD. | L147: 5.2301 | M147: 已接收
A148: 146 | B148: chanhua | C148: 45369 | D148: chanhua | E148: 世纪云芯 | F148: BM1370AA | G148: =VLOOKUP(F148,编码对账表!C:D,2,0) | H148: 2456 | I148: 202404070003 | J148: ASE-CL | K148: CHANHUA PTE. LTD. | L148: 5.2301 | M148: 已接收
A149: 147 | B149: chanhua | C149: 45369 | D149: chanhua | E149: 世纪云芯 | F149: BM1370AA | G149: =VLOOKUP(F149,编码对账表!C:D,2,0) | H149: 2400 | I149: 202404070004 | J149: ASE-KH | K149: CHANHUA PTE. LTD. | L149: 5.2301 | M149: 已接收
A150: 148 | B150: chanhua | C150: 45371 | D150: chanhua | E150: 世纪云芯 | F150: BM1370AA | G150: =VLOOKUP(F150,编码对账表!C:D,2,0) | H150: 546 | I150: 202404070005 | J150: ASE-KH | K150: CHANHUA PTE. LTD. | L150: 5.2301 | M150: 已接收
A151: 149 | B151: chanhua | C151: 45371 | D151: chanhua | E151: 世纪云芯 | F151: BM1370AA | G151: =VLOOKUP(F151,编码对账表!C:D,2,0) | H151: 77 | I151: 202404070006 | J151: SCK | K151: CHANHUA PTE. LTD. | L151: 5.2301 | M151: 已接收
A152: 150 | B152: chanhua | C152: 45362 | D152: 新加坡比特 | E152: WXHN | F152: BM1368PV | G152: =VLOOKUP(F152,编码对账表!C:D,2,0) | H152: 69521 | I152: 202404070001 | J152: 墨西哥欧陆通 | K152: CHANHUA PTE. LTD. | L152: 5.4206
A153: 151 | B153: chanhua | C153: 45385 | D153: 香港比特 | E153: JSCC | F153: BM1368PB | G153: =VLOOKUP(F153,编码对账表!C:D,2,0) | H153: 230097 | I153: HKK202404110001 | J153: 印尼奥海 | K153: CHANHUA PTE. LTD. | L153: 5.4206
A154: 152 | B154: chanhua | C154: 45385 | D154: 香港比特 | E154: JSCC | F154: BM1368PV | G154: =VLOOKUP(F154,编码对账表!C:D,2,0) | H154: 135339 | I154: HKK202404110001 | J154: 印尼奥海 | K154: CHANHUA PTE. LTD. | L154: 5.4206
A155: 153 | B155: chanhua | C155: 45385 | D155: 香港比特 | E155: NJ-VT | F155: BM1368PB | G155: =VLOOKUP(F155,编码对账表!C:D,2,0) | H155: 200336 | I155: HKK202404110002 | J155: 印尼奥海 | K155: CHANHUA PTE. LTD. | L155: 5.4206
A156: 154 | B156: chanhua | C156: 45385 | D156: 香港比特 | E156: SPILSZ | F156: BM1368PB | G156: =VLOOKUP(F156,编码对账表!C:D,2,0) | H156: 47534 | I156: HKK202404110003 | J156: 印尼奥海 | K156: CHANHUA PTE. LTD. | L156: 5.4206
A157: 155 | B157: chanhua | C157: 45385 | D157: 香港比特 | E157: WXHN | F157: BM2382AA | G157: =VLOOKUP(F157,编码对账表!C:D,2,0) | H157: 339080 | I157: HKK202404110004 | J157: 印尼奥海 | K157: CHANHUA PTE. LTD. | L157: 3.5251
A158: 156 | B158: chanhua | C158: 45385 | D158: 香港比特 | E158: JSCC | F158: BM1368PB | G158: =VLOOKUP(F158,编码对账表!C:D,2,0) | H158: 90180 | I158: HKK202404110005 | J158: 泰国群光 | K158: CHANHUA PTE. LTD. | L158: 5.4206
A159: 157 | B159: chanhua | C159: 45385 | D159: 香港比特 | E159: NJ-VT | F159: BM1368PB | G159: =VLOOKUP(F159,编码对账表!C:D,2,0) | H159: 150516 | I159: HKK202404110006 | J159: 泰国群光 | K159: CHANHUA PTE. LTD. | L159: 5.4206
A160: 158 | B160: chanhua | C160: 45385 | D160: 香港比特 | E160: NJ-VT | F160: BM1368PV | G160: =VLOOKUP(F160,编码对账表!C:D,2,0) | H160: 400562 | I160: HKK202404110006 | J160: 泰国群光 | K160: CHANHUA PTE. LTD. | L160: 5.4206
A161: 159 | B161: chanhua | C161: 45385 | D161: 香港比特 | E161: WXHN | F161: BM1368AA | G161: =VLOOKUP(F161,编码对账表!C:D,2,0) | H161: 300678 | I161: HKK202404110007 | J161: 泰国群光 | K161: CHANHUA PTE. LTD. | L161: 5.4206
A162: 160 | B162: chanhua | C162: 45385 | D162: 香港比特 | E162: WXHN | F162: BM1368PB | G162: =VLOOKUP(F162,编码对账表!C:D,2,0) | H162: 43854 | I162: HKK202404110007 | J162: 泰国群光 | K162: CHANHUA PTE. LTD. | L162: 5.4206
A163: 161 | B163: chanhua | C163: 45385 | D163: 香港比特 | E163: WXHN | F163: BM1368PV | G163: =VLOOKUP(F163,编码对账表!C:D,2,0) | H163: 125465 | I163: HKK202404110007 | J163: 泰国群光 | K163: CHANHUA PTE. LTD. | L163: 5.4206
... A173: 171 | B173: chanhua | C173: 45393 | D173: 新加坡比特 | E173: JSCC | F173: BM1368PV | G173: =VLOOKUP(F173,编码对账表!C:D,2,0) | H173: 328584 | I173: 202404190001 | J173: 泰国ONETEC | K173: CHANHUA PTE. LTD. | L173: 5.4206
A174: 172 | B174: chanhua | C174: 45391 | D174: chanhua | E174: 世纪云芯 | F174: BM1368PB | G174: =VLOOKUP(F174,编码对账表!C:D,2,0) | H174: 19490 | I174: 202404230001 | J174: XJ | L174: 4.6245 | M174: 已接收
A175: 173 | B175: chanhua | C175: 45391 | D175: chanhua | E175: 世纪云芯 | F175: BM1368PB | G175: =VLOOKUP(F175,编码对账表!C:D,2,0) | H175: 24948 | I175: 202404230002 | J175: SPILSZ | L175: 4.6245 | M175: 已接收
A176: 174 | B176: chanhua | C176: 45391 | D176: chanhua | E176: 世纪云芯 | F176: BM1368PB | G176: =VLOOKUP(F176,编码对账表!C:D,2,0) | H176: 69699 | I176: 202404230003 | J176: WXHN | L176: 4.6245 | M176: 已接收
A177: 175 | B177: chanhua | C177: 45391 | D177: chanhua | E177: 世纪云芯 | F177: BM1368PB | G177: =VLOOKUP(F177,编码对账表!C:D,2,0) | H177: 55136 | I177: 202404230004 | J177: JSCC | L177: 4.6245 | M177: 已接收
A178: 176 | B178: 香港比特 | C178: 45392 | D178: 新加坡比特 | E178: XJ | F178: BM1366AG | G178: =VLOOKUP(F178,编码对账表!C:D,2,0) | H178: 342450 | I178: 202404250005 | J178: 泰国ONETEC | K178: CHANHUA PTE. LTD. | L178: 4.0649
A179: 177 | B179: 香港比特 | C179: 45392 | D179: 新加坡比特 | E179: XJ | F179: BM1366AL | G179: =VLOOKUP(F179,编码对账表!C:D,2,0) | H179: 1282536 | I179: 202404250005 | J179: 泰国ONETEC | K179: CHANHUA PTE. LTD. | L179: 4.0649
A180: 178 | B180: chanhua | C180: 45407 | D180: 香港比特 | E180: NJ-VT | F180: BM1368PB | G180: =VLOOKUP(F180,编码对账表!C:D,2,0) | H180: 59130 | I180: HKK202404300003 | J180: 印尼奥海 | K180: CHANHUA PTE. LTD. | L180: 5.4206
A181: 179 | B181: chanhua | C181: 45407 | D181: 香港比特 | E181: NJ-VT | F181: BM1368PV | G181: =VLOOKUP(F181,编码对账表!C:D,2,0) | H181: 227777 | I181: HKK202404300003 | J181: 印尼奥海 | K181: CHANHUA PTE. LTD. | L181: 5.4206
A182: 180 | B182: chanhua | C182: 45412 | D182: 香港比特 | E182: NJ-VT | F182: BM1368PB | G182: =VLOOKUP(F182,编码对账表!C:D,2,0) | H182: 78509 | I182: HKK202405080002 | J182: 印尼奥海 | K182: CHANHUA PTE. LTD. | L182: 4.3874374
A183: 181 | B183: chanhua | C183: 45412 | D183: 香港比特 | E183: NJ-VT | F183: BM1368PV | G183: =VLOOKUP(F183,编码对账表!C:D,2,0) | H183: 1157230 | I183: HKK202405080002 | J183: 印尼奥海 | K183: CHANHUA PTE. LTD. | L183: 4.3874374
A184: 182 | B184: chanhua | C184: 45412 | D184: 香港比特 | E184: JSCC | F184: BM1368PV | G184: =VLOOKUP(F184,编码对账表!C:D,2,0) | H184: 422687 | I184: HKK202405080003 | J184: 泰国群光 | K184: CHANHUA PTE. LTD. | L184: 4.3874374
A185: 183 | B185: chanhua | C185: 45412 | D185: 香港比特 | E185: SPILSZ | F185: BM1368PV | G185: =VLOOKUP(F185,编码对账表!C:D,2,0) | H185: 242604 | I185: HKK202405080004 | J185: 泰国群光 | K185: CHANHUA PTE. LTD. | L185: 4.3874374
A186: 184 | B186: chanhua | C186: 45412 | D186: 香港比特 | E186: WX-HN | F186: BM1368PV | G186: =VLOOKUP(F186,编码对账表!C:D,2,0) | H186: 406892 | I186: HKK202405080005 | J186: 泰国群光 | K186: CHANHUA PTE. LTD. | L186: 4.3874374
A187: 185 | B187: chanhua | C187: 45412 | D187: 香港比特 | E187: XJ | F187: BM1368PB | G187: =VLOOKUP(F187,编码对账表!C:D,2,0) | H187: 180909 | I187: HKK202405080006 | J187: 泰国群光 | K187: CHANHUA PTE. LTD. | L187: 4.3874374
A188: 186 | B188: chanhua | C188: 45392 | D188: chanhua | E188: 世纪云芯 | F188: BM1370AA | G188: =VLOOKUP(F188,编码对账表!C:D,2,0) | H188: 500 | I188: 202405110001 | J188: ASE-KH | L188: 5.2744 | M188: 已接收
A189: 187 | B189: chanhua | C189: 45422 | D189: 香港比特 | E189: JSCC | F189: BM1368PM | G189: =VLOOKUP(F189,编码对账表!C:D,2,0) | H189: 470399 | I189: HKK202405150004 | J189: 印尼奥海 | K189: CHANHUA PTE. LTD. | L189: 4.3874374
A190: 188 | B190: chanhua | C190: 45420 | D190: 香港比特 | E190: XJ | F190: BM1368PB | G190: =VLOOKUP(F190,编码对账表!C:D,2,0) | H190: 70536 | I190: HKK202405150005 | J190: 泰国群光 | K190: CHANHUA PTE. LTD. | L190: 4.3874374
A191: 189 | B191: chanhua | C191: 45420 | D191: 新加坡比特 | E191: NJ-VT | F191: BM1368PB | G191: =VLOOKUP(F191,编码对账表!C:D,2,0) | H191: 24034 | I191: 202405150004 | J191: 泰国ONETEC | K191: CHANHUA PTE. LTD. | L191: 4.3874374
A192: 190 | B192: chanhua | C192: 45420 | D192: 新加坡比特 | E192: NJ-VT | F192: BM1368PV | G192: =VLOOKUP(F192,编码对账表!C:D,2,0) | H192: 105498 | I192: 202405150004 | J192: 泰国ONETEC | K192: CHANHUA PTE. LTD. | L192: 4.3874374
A193: 191 | B193: chanhua | C193: 45420 | D193: 新加坡比特 | E193: XJ | F193: BM1368PB | G193: =VLOOKUP(F193,编码对账表!C:D,2,0) | H193: 192250 | I193: 202405150005 | J193: 泰国ONETEC | K193: CHANHUA PTE. LTD. | L193: 4.3874374
A194: 192 | B194: chanhua | C194: 45420 | D194: 新加坡比特 | E194: XJ | F194: BM1368PV | G194: =VLOOKUP(F194,编码对账表!C:D,2,0) | H194: 246 | I194: 202405150005 | J194: 泰国ONETEC | K194: CHANHUA PTE. LTD. | L194: 4.3874374
A195: 193 | B195: chanhua | C195: 45427 | D195: 香港比特 | E195: XJ | F195: BM1368AA | G195: =VLOOKUP(F195,编码对账表!C:D,2,0) | H195: 3605504 | I195: HKK202405270003 | J195: 印尼奥海 | K195: CHANHUA PTE. LTD. | L195: 5.4206
A196: 194 | B196: chanhua | C196: 45427 | D196: 香港比特 | E196: XJ | F196: BM1368PB | G196: =VLOOKUP(F196,编码对账表!C:D,2,0) | H196: 595112 | I196: HKK202405270003 | J196: 印尼奥海 | K196: CHANHUA PTE. LTD. | L196: 4.3874374
A197: 196 | B197: chanhua | C197: 45434 | D197: 香港比特 | E197: NJ-VT | F197: BM1368PB | G197: =VLOOKUP(F197,编码对账表!C:D,2,0) | H197: 398643 | I197: HKK202405270008 | J197: 印尼奥海 | K197: CHANHUA PTE. LTD. | L197: 4.3874374
A198: 197 | B198: chanhua | C198: 45434 | D198: 香港比特 | E198: XJ | F198: BM1368PB | G198: =VLOOKUP(F198,编码对账表!C:D,2,0) | H198: 150165 | I198: HKK202405270008 | J198: 印尼奥海 | K198: CHANHUA PTE. LTD. | L198: 4.3874374
A199: 198 | B199: chanhua | C199: 45434 | D199: 香港比特 | E199: JSCC | F199: BM1368PM | G199: =VLOOKUP(F199,编码对账表!C:D,2,0) | H199: 747786 | I199: HKK202405270008 | J199: 印尼奥海 | K199: CHANHUA PTE. LTD. | L199: 4.3874374
A200: 199 | B200: chanhua | C200: 45434 | D200: 香港比特 | E200: XJ | F200: BM1368PM | G200: =VLOOKUP(F200,编码对账表!C:D,2,0) | H200: 588469 | I200: HKK202405270008 | J200: 印尼奥海 | K200: CHANHUA PTE. LTD. | L200: 4.3874374
... A248: 247 | B248: chanhua | C248: 45463 | D248: 新加坡比特 | E248: JSCC | F248: BM1370BC | G248: =VLOOKUP(F248,编码对账表!C:D,2,0) | H248: 165457 | I248: 202406280002 | J248: 欧陆通 | K248: CHANHUA PTE. LTD. | L248: 7.5374
A249: 248 | B249: chanhua | C249: 45478 | D249: 香港比特 | E249: XJ | F249: BM1368PM | G249: =VLOOKUP(F249,编码对账表!C:D,2,0) | H249: 1006666 | I249: HKK202407110001 | J249: 印尼奥海 | K249: CHANHUA PTE. LTD. | L249: 4.3874 | M249: 140302408091115
A250: 249 | B250: chanhua | C250: 45478 | D250: 香港比特 | E250: JSCC | F250: BM1370BC | G250: =VLOOKUP(F250,编码对账表!C:D,2,0) | H250: 2291692 | I250: HKK202407110001 | J250: 印尼奥海 | K250: CHANHUA PTE. LTD. | L250: 8.5529 | M250: 140302408091109
A251: 250 | B251: chanhua | C251: 45476 | D251: 香港比特 | E251: JSCC | F251: BM1370BC | G251: =VLOOKUP(F251,编码对账表!C:D,2,0) | H251: 554270 | I251: HKK202407110002 | J251: 泰国群光 | K251: CHANHUA PTE. LTD. | L251: 8.5529 | M251: 140302408091109
A252: 251 | B252: chanhua | C252: 45474 | D252: 香港比特 | E252: SPILSZ | F252: BM1370BC | G252: =VLOOKUP(F252,编码对账表!C:D,2,0) | H252: 1007000 | I252: HKK202407110002 | J252: 泰国群光 | K252: CHANHUA PTE. LTD. | L252: 8.5529 | M252: 140302408091111
A253: 252 | B253: chanhua | C253: 45478 | D253: 新加坡比特 | E253: SPILSZ | F253: BM1370BC | G253: =VLOOKUP(F253,编码对账表!C:D,2,0) | H253: 513000 | I253: 202407110001 | J253: 泰国ONETEC | K253: CHANHUA PTE. LTD. | L253: 8.5529
A254: 253 | B254: chanhua | C254: 45485 | D254: 新加坡比特 | E254: JSCC | F254: BM1370BC | G254: =VLOOKUP(F254,编码对账表!C:D,2,0) | H254: 43145 | I254: 202407160002 | J254: 东莞群光(保税） | K254: CHANHUA PTE. LTD. | L254: 8.5529
A255: 254 | B255: chanhua | C255: 45485 | D255: 香港比特 | E255: XJ | F255: BM1368PB | G255: =VLOOKUP(F255,编码对账表!C:D,2,0) | H255: 1387546 | I255: HKK202407190004 | J255: 印尼奥海 | K255: CHANHUA PTE. LTD. | L255: 4.3874 | M255: 140302408091113
A256: 255 | B256: chanhua | C256: 45491 | D256: 香港比特 | E256: ASE-KH | F256: BM1370BC | G256: =VLOOKUP(F256,编码对账表!C:D,2,0) | H256: 1200561 | I256: HKK202407190005 | J256: 印尼奥海 | K256: CHANHUA PTE. LTD. | L256: 8.5529 | M256: 140302408091108
A257: 256 | B257: chanhua | C257: 45491 | D257: 香港比特 | E257: ASECL | F257: BM1370BC | G257: =VLOOKUP(F257,编码对账表!C:D,2,0) | H257: 965463 | I257: HKK202407190005 | J257: 印尼奥海 | K257: CHANHUA PTE. LTD. | L257: 8.5529 | M257: 140302408091107
A258: 257 | B258: chanhua | C258: 45490 | D258: 香港比特 | E258: JSCC | F258: BM1370BC | G258: =VLOOKUP(F258,编码对账表!C:D,2,0) | H258: 503558 | I258: HKK202407190005 | J258: 印尼奥海 | K258: CHANHUA PTE. LTD. | L258: 8.5529 | M258: 140302408091109
A259: 258 | B259: chanhua | C259: 45489 | D259: 香港比特 | E259: SPILSZ | F259: BM1370BC | G259: =VLOOKUP(F259,编码对账表!C:D,2,0) | H259: 781962 | I259: HKK202407190005 | J259: 印尼奥海 | K259: CHANHUA PTE. LTD. | L259: 8.5529 | M259: 140302408091111
A260: 259 | B260: chanhua | C260: 45485 | D260: 香港比特 | E260: WX-HN | F260: BM2382AA | G260: =VLOOKUP(F260,编码对账表!C:D,2,0) | H260: 152365 | I260: HKK202407190006 | J260: 印尼奥海 | K260: CHANHUA PTE. LTD. | L260: 2.9793 | M260: 140302408081112
A261: 260 | B261: chanhua | C261: 45488 | D261: 香港比特 | E261: JSCC | F261: BM1370BC | G261: =VLOOKUP(F261,编码对账表!C:D,2,0) | H261: 1424481 | I261: HKK202407190007 | J261: 泰国群光 | K261: CHANHUA PTE. LTD. | L261: 8.5529 | M261: 140302408091109
A262: 261 | B262: chanhua | C262: 45490 | D262: 香港比特 | E262: SPILSZ | F262: BM1370BC | G262: =VLOOKUP(F262,编码对账表!C:D,2,0) | H262: 129200 | I262: HKK202407190007 | J262: 泰国群光 | K262: CHANHUA PTE. LTD. | L262: 8.5529 | M262: 140302408091111
A263: 262 | B263: chanhua | C263: 45491 | D263: 新加坡比特 | E263: JSCC | F263: BM1370BC | G263: =VLOOKUP(F263,编码对账表!C:D,2,0) | H263: 191907 | I263: 202407190008 | J263: 泰国ONETEC | K263: CHANHUA PTE. LTD. | L263: 8.5529
A264: 263 | B264: chanhua | C264: 45491 | D264: 新加坡比特 | E264: SPILSZ | F264: BM1370BC | G264: =VLOOKUP(F264,编码对账表!C:D,2,0) | H264: 826313 | I264: 202407190008 | J264: 泰国ONETEC | K264: CHANHUA PTE. LTD. | L264: 8.5529
A265: 264 | B265: chanhua | C265: 45495 | D265: 香港比特 | E265: XJ | F265: BM1368PB | G265: =VLOOKUP(F265,编码对账表!C:D,2,0) | H265: 616233 | I265: HKK202407310001 | J265: 泰国群光 | K265: CHANHUA PTE. LTD. | L265: 4.3874 | M265: 140302408091113
A266: 265 | B266: chanhua | C266: 45495 | D266: 香港比特 | E266: ASECL | F266: BM1370BC | G266: =VLOOKUP(F266,编码对账表!C:D,2,0) | H266: 516800 | I266: HKK202407310001 | J266: 泰国群光 | K266: CHANHUA PTE. LTD. | L266: 8.5529 | M266: 140302408091107
A267: 266 | B267: chanhua | C267: 45501 | D267: 香港比特 | E267: SPILSZ | F267: BM1370BC | G267: =VLOOKUP(F267,编码对账表!C:D,2,0) | H267: 509013 | I267: HKK202407310001 | J267: 泰国群光 | K267: CHANHUA PTE. LTD. | L267: 8.5529 | M267: 140302408091111
A268: 267 | B268: chanhua | C268: 45497 | D268: 香港比特 | E268: JSCC | F268: BM1370PA | G268: =VLOOKUP(F268,编码对账表!C:D,2,0) | H268: 101043 | I268: HKK202407310001 | J268: 泰国群光 | K268: CHANHUA PTE. LTD. | L268: 8.5529 | M268: 140302408091110
A269: 268 | B269: chanhua | C269: 45495 | D269: 新加坡比特 | E269: ASE-KH | F269: BM1370BC | G269: =VLOOKUP(F269,编码对账表!C:D,2,0) | H269: 710834 | I269: 202407310001 | J269: 泰国ONETEC | K269: CHANHUA PTE. LTD. | L269: 8.5529
A270: 269 | B270: chanhua | C270: 45503 | D270: 新加坡比特 | E270: JSCC | F270: BM1370BC | G270: =VLOOKUP(F270,编码对账表!C:D,2,0) | H270: 237481 | I270: 202407310001 | J270: 泰国ONETEC | K270: CHANHUA PTE. LTD. | L270: 8.5529
A271: 270 | B271: chanhua | C271: 45503 | D271: 新加坡比特 | E271: JSCC | F271: BM1370PA | G271: =VLOOKUP(F271,编码对账表!C:D,2,0) | H271: 307609 | I271: 202408090001 | J271: 泰国ONETEC | K271: CHANHUA PTE. LTD. | L271: 8.5529
A272: 271 | B272: chanhua | C272: 45503 | D272: chanhua | E272: 世纪云芯 | F272: BM1370BC | G272: =VLOOKUP(F272,编码对账表!C:D,2,0) | H272: 8848 | I272: 202408070001 | J272: SPILSZ | K272: CHANHUA PTE. LTD. | L272: 10.5539 | M272: 已接收
A273: 272 | B273: chanhua | C273: 45503 | D273: chanhua | E273: 世纪云芯 | F273: BM2382AA | G273: =VLOOKUP(F273,编码对账表!C:D,2,0) | H273: 556288 | I273: 202408090001 | J273: WXHN | K273: CHANHUA PTE. LTD. | L273: 3.7186 | M273: 已接收
...

Sheet 2025（香港） 
A1: 序号 | B1: 抬头 | C1: 出货日期 | D1: 主体 | E1: 测试厂 | H1: 型号 | I1: 物料编码 | J1: 数量 | K1: 新PO | L1: SO | M1: 发料外协 | N1: 币种 | O1: 单价 | P1: 对比 | Q1: 是否已出 | R1: 问题 | S1: 解决方法
A2: 1 | B2: chanhua | C2: 45666 | D2: 新加坡比特 | E2: SPILSZ | H2: BM1370BC | I2: =VLOOKUP(H2,编码对账表!C:D,2,0) | J2: 9751 | K2: 202501130015 | L2: 1403250113115210 | M2: 印尼奥海 | N2: CHANHUA PTE. LTD. | O2: 8.3272 | P2: =VLOOKUP(L2,[3]BHSC_销售订单明细报表_060825!$E$1:$E$65536,1,FALSE)
A3: 2 | B3: chanhua | C3: 45659 | D3: 新加坡比特 | E3: JSCC | H3: BM1370PA | I3: =VLOOKUP(H3,编码对账表!C:D,2,0) | J3: 1478593 | K3: 202501130015 | L3: 1403250113115210 | M3: 印尼奥海 | N3: CHANHUA PTE. LTD. | O3: 8.3272 | P3: =VLOOKUP(L3,[3]BHSC_销售订单明细报表_060825!$E$1:$E$65536,1,FALSE)
A4: 3 | B4: chanhua | C4: 45662 | D4: 新加坡比特 | E4: SPILSZ | H4: BM1370PA | I4: =VLOOKUP(H4,编码对账表!C:D,2,0) | J4: 1288200 | K4: 202501130015 | L4: 1403250113115210 | M4: 印尼奥海 | N4: CHANHUA PTE. LTD. | O4: 8.3272 | P4: =VLOOKUP(L4,[3]BHSC_销售订单明细报表_060825!$E$1:$E$65536,1,FALSE)
A5: 4 | B5: chanhua | C5: 45661 | D5: 新加坡比特 | E5: TFME | H5: BM1370PA | I5: =VLOOKUP(H5,编码对账表!C:D,2,0) | J5: 50079 | K5: 202501130015 | L5: 1403250113115210 | M5: 印尼奥海 | N5: CHANHUA PTE. LTD. | O5: 8.3272 | P5: =VLOOKUP(L5,[3]BHSC_销售订单明细报表_060825!$E$1:$E$65536,1,FALSE)
A6: 5 | B6: chanhua | C6: 45667 | D6: 新加坡比特 | E6: JSCC | H6: BM1370PM | I6: =VLOOKUP(H6,编码对账表!C:D,2,0) | J6: 1806656 | K6: 202501130015 | L6: 1403250113115210 | M6: 印尼奥海 | N6: CHANHUA PTE. LTD. | O6: 8.3272 | P6: =VLOOKUP(L6,[3]BHSC_销售订单明细报表_060825!$E$1:$E$65536,1,FALSE)
A7: 6 | B7: chanhua | C7: 45659 | D7: 新加坡比特 | E7: JSCC | H7: BM1370BC | I7: =VLOOKUP(H7,编码对账表!C:D,2,0) | J7: 369502 | K7: 202501130014 | L7: 1403250113115226 | M7: 泰国群光 | N7: CHANHUA PTE. LTD. | O7: 8.3272 | P7: =VLOOKUP(L7,[3]BHSC_销售订单明细报表_060825!$E$1:$E$65536,1,FALSE)
A8: 7 | B8: chanhua | C8: 45666 | D8: 新加坡比特 | E8: SPILSZ | H8: BM1370BC | I8: =VLOOKUP(H8,编码对账表!C:D,2,0) | J8: 717013 | K8: 202501130014 | L8: 1403250113115226 | M8: 泰国群光 | N8: CHANHUA PTE. LTD. | O8: 8.3272 | P8: =VLOOKUP(L8,[3]BHSC_销售订单明细报表_060825!$E$1:$E$65536,1,FALSE)
A9: 8 | B9: chanhua | C9: 45664 | D9: 新加坡比特 | E9: JSCC | H9: BM1370PA | I9: =VLOOKUP(H9,编码对账表!C:D,2,0) | J9: 676339 | K9: 202501130014 | L9: 1403250113115226 | M9: 泰国群光 | N9: CHANHUA PTE. LTD. | O9: 8.3272 | P9: =VLOOKUP(L9,[3]BHSC_销售订单明细报表_060825!$E$1:$E$65536,1,FALSE)
A10: 9 | B10: chanhua | C10: 45666 | D10: 新加坡比特 | E10: SPILSZ | H10: BM1370PA | I10: =VLOOKUP(H10,编码对账表!C:D,2,0) | J10: 950000 | K10: 202501130014 | L10: 1403250113115226 | M10: 泰国群光 | N10: CHANHUA PTE. LTD. | O10: 8.3272 | P10: =VLOOKUP(L10,[3]BHSC_销售订单明细报表_060825!$E$1:$E$65536,1,FALSE)
A11: 10 | B11: chanhua | C11: 45662 | D11: 新加坡比特 | E11: SPILSZ | H11: BM1370BC | I11: =VLOOKUP(H11,编码对账表!C:D,2,0) | J11: 125952 | K11: 202501130013 | L11: 1403250113115247 | M11: 泰国ONETEC | N11: CHANHUA PTE. LTD. | O11: 8.3272 | P11: =VLOOKUP(L11,[3]BHSC_销售订单明细报表_060825!$E$1:$E$65536,1,FALSE)
A12: 11 | B12: chanhua | C12: 45667 | D12: 新加坡比特 | E12: ASE-KH | H12: BM1370PA | I12: =VLOOKUP(H12,编码对账表!C:D,2,0) | J12: 33395 | K12: 202501130013 | L12: 1403250113115247 | M12: 泰国ONETEC | N12: CHANHUA PTE. LTD. | O12: 8.3272 | P12: =VLOOKUP(L12,[3]BHSC_销售订单明细报表_060825!$E$1:$E$65536,1,FALSE)
A13: 12 | B13: chanhua | C13: 45663 | D13: 新加坡比特 | E13: JSCC | H13: BM1370PA | I13: =VLOOKUP(H13,编码对账表!C:D,2,0) | J13: 1705790 | K13: 202501130013 | L13: 1403250113115247 | M13: 泰国ONETEC | N13: CHANHUA PTE. LTD. | O13: 8.3272 | P13: =VLOOKUP(L13,[3]BHSC_销售订单明细报表_060825!$E$1:$E$65536,1,FALSE)
... A167: 166 | B167: chanhua | C167: 45692 | D167: 新加坡比特 | E167: SPILSZ | H167: BM1370PA | I167: =VLOOKUP(H167,编码对账表!C:D,2,0) | J167: 995658 | K167: 202502060010 | L167: 1403250206114656 | M167: Nationgate | N167: CHANHUA PTE. LTD. | O167: 8.3272 | P167: =VLOOKUP(L167,[3]BHSC_销售订单明细报表_060825!$E$1:$E$65536,1,FALSE)
A168: 167 | B168: chanhua | C168: 45681 | D168: 新加坡比特 | E168: ASECL | H168: BM1370PA | I168: =VLOOKUP(H168,编码对账表!C:D,2,0) | J168: 71 | K168: 202501300101 | L168: 1403250213180648 | M168: 泰国ONETEC | N168: CHANHUA PTE. LTD. | O168: 8.3272 | P168: =VLOOKUP(L168,[3]BHSC_销售订单明细报表_060825!$E$1:$E$65536,1,FALSE) | R168: 下多了，删除
A169: 168 | B169: chanhua | C169: 45681 | D169: 新加坡比特 | E169: ASECL | H169: BM1370PA | I169: =VLOOKUP(H169,编码对账表!C:D,2,0) | J169: 560 | K169: 202501300102 | L169: 1403250213180703 | M169: 泰国群光 | N169: CHANHUA PTE. LTD. | O169: 8.3272 | P169: =VLOOKUP(L169,[3]BHSC_销售订单明细报表_060825!$E$1:$E$65536,1,FALSE)
A170: 169 | B170: chanhua | C170: 45680 | D170: 新加坡比特 | E170: ASECL | H170: BM1370BC | I170: =VLOOKUP(H170,编码对账表!C:D,2,0) | J170: 304 | K170: 202501300103 | L170: 1403250214151516 | M170: 墨西哥欧陆通 | N170: CHANHUA PTE. LTD. | O170: 8.3272 | P170: =VLOOKUP(L170,[3]BHSC_销售订单明细报表_060825!$E$1:$E$65536,1,FALSE)
A171: 170 | B171: chanhua | C171: 45702 | D171: 新加坡比特 | E171: ASE-KH | H171: BM1370PA | I171: =VLOOKUP(H171,[1]编码对账表!C:D,2,0) | J171: 2401 | K171: 202502240010 | L171: 1403250214171119 | M171: 印尼奥海 | N171: CHANHUA PTE. LTD. | O171: 8.3272 | P171: =VLOOKUP(L171,[3]BHSC_销售订单明细报表_060825!$E$1:$E$65536,1,FALSE)
A172: 171 | B172: chanhua | C172: 45699 | D172: 新加坡比特 | E172: ASECL | H172: BM1370PA | I172: =VLOOKUP(H172,[1]编码对账表!C:D,2,0) | J172: 53200 | K172: 202502240010 | L172: 1403250214171119 | M172: 印尼奥海 | N172: CHANHUA PTE. LTD. | O172: 8.3272 | P172: =VLOOKUP(L172,[3]BHSC_销售订单明细报表_060825!$E$1:$E$65536,1,FALSE)
A173: 172 | B173: chanhua | C173: 45698 | D173: 新加坡比特 | E173: JSCC | H173: BM1370PA | I173: =VLOOKUP(H173,[1]编码对账表!C:D,2,0) | J173: 287620 | K173: 202502240010 | L173: 1403250214171119 | M173: 印尼奥海 | N173: CHANHUA PTE. LTD. | O173: 8.3272 | P173: =VLOOKUP(L173,[3]BHSC_销售订单明细报表_060825!$E$1:$E$65536,1,FALSE)
A174: 173 | B174: chanhua | C174: 45699 | D174: 新加坡比特 | E174: SPILSZ | H174: BM1370PA | I174: =VLOOKUP(H174,[1]编码对账表!C:D,2,0) | J174: 1170582 | K174: 202502240010 | L174: 1403250214171119 | M174: 印尼奥海 | N174: CHANHUA PTE. LTD. | O174: 8.3272 | P174: =VLOOKUP(L174,[3]BHSC_销售订单明细报表_060825!$E$1:$E$65536,1,FALSE)
A175: 174 | B175: chanhua | C175: 45696 | D175: 新加坡比特 | E175: TFME | H175: BM1370PA | I175: =VLOOKUP(H175,[1]编码对账表!C:D,2,0) | J175: 3000 | K175: 202502240010 | L175: 1403250214171119 | M175: 印尼奥海 | N175: CHANHUA PTE. LTD. | O175: 8.3272 | P175: =VLOOKUP(L175,[3]BHSC_销售订单明细报表_060825!$E$1:$E$65536,1,FALSE)
A176: 175 | B176: chanhua | C176: 45699 | D176: 新加坡比特 | E176: JSCC | H176: BM1370PM | I176: =VLOOKUP(H176,[1]编码对账表!C:D,2,0) | J176: 965099 | K176: 202502240010 | L176: 1403250214171119 | M176: 印尼奥海 | N176: CHANHUA PTE. LTD. | O176: 8.3272 | P176: =VLOOKUP(L176,[3]BHSC_销售订单明细报表_060825!$E$1:$E$65536,1,FALSE)
A177: 176 | B177: chanhua | C177: 45698 | D177: 新加坡比特 | E177: ASE-KH | H177: BM1370BC | I177: =VLOOKUP(H177,[1]编码对账表!C:D,2,0) | J177: 177313 | K177: 202502240011 | L177: 1403250214172046 | M177: 泰国群光 | N177: CHANHUA PTE. LTD. | O177: 8.3272 | P177: =VLOOKUP(L177,[3]BHSC_销售订单明细报表_060825!$E$1:$E$65536,1,FALSE)
A178: 177 | B178: chanhua | C178: 45698 | D178: 新加坡比特 | E178: JSCC | H178: BM1370BC | I178: =VLOOKUP(H178,[1]编码对账表!C:D,2,0) | J178: 124657 | K178: 202502240011 | L178: 1403250214172046 | M178: 泰国群光 | N178: CHANHUA PTE. LTD. | O178: 8.3272 | P178: =VLOOKUP(L178,[3]BHSC_销售订单明细报表_060825!$E$1:$E$65536,1,FALSE)
A179: 178 | B179: chanhua | C179: 45699 | D179: 新加坡比特 | E179: ASECL | H179: BM1370PA | I179: =VLOOKUP(H179,[1]编码对账表!C:D,2,0) | J179: 87400 | K179: 202502240011 | L179: 1403250214172046 | M179: 泰国群光 | N179: CHANHUA PTE. LTD. | O179: 8.3272 | P179: =VLOOKUP(L179,[3]BHSC_销售订单明细报表_060825!$E$1:$E$65536,1,FALSE)
A180: 179 | B180: chanhua | C180: 45698 | D180: 新加坡比特 | E180: JSCC | H180: BM1370PA | I180: =VLOOKUP(H180,[1]编码对账表!C:D,2,0) | J180: 148703 | K180: 202502240011 | L180: 1403250214172046 | M180: 泰国群光 | N180: CHANHUA PTE. LTD. | O180: 8.3272 | P180: =VLOOKUP(L180,[3]BHSC_销售订单明细报表_060825!$E$1:$E$65536,1,FALSE)
A181: 180 | B181: chanhua | C181: 45702 | D181: 新加坡比特 | E181: NJ-VT | H181: BM1370PA | I181: =VLOOKUP(H181,[1]编码对账表!C:D,2,0) | J181: 201523 | K181: 202502240011 | L181: 1403250214172046 | M181: 泰国群光 | N181: CHANHUA PTE. LTD. | O181: 8.3272 | P181: =VLOOKUP(L181,[3]BHSC_销售订单明细报表_060825!$E$1:$E$65536,1,FALSE)
A182: 181 | B182: chanhua | C182: 45698 | D182: 新加坡比特 | E182: SPILSZ | H182: BM1370PA | I182: =VLOOKUP(H182,[1]编码对账表!C:D,2,0) | J182: 1668200 | K182: 202502240011 | L182: 1403250214172046 | M182: 泰国群光 | N182: CHANHUA PTE. LTD. | O182: 8.3272 | P182: =VLOOKUP(L182,[3]BHSC_销售订单明细报表_060825!$E$1:$E$65536,1,FALSE)
... A302: 301 | B302: chanhua | C302: 45744 | D302: 新加坡比特 | E302: SPILSZ | H302: BM1370PA | I302: =VLOOKUP(H302,[1]编码对账表!C:D,2,0) | J302: 1906200 | K302: 202503310012 | L302: 1403250331114456 | M302: 泰国ONETEC | N302: CHANHUA PTE. LTD. | O302: 8.3272 | P302: =VLOOKUP(L302,[3]BHSC_销售订单明细报表_060825!$E$1:$E$65536,1,FALSE)
A303: 302 | B303: chanhua | C303: 45742 | D303: 新加坡比特 | E303: TFME | H303: BM1370PA | I303: =VLOOKUP(H303,[1]编码对账表!C:D,2,0) | J303: =6364 | K303: 202503310012 | L303: 1403250331114456 | M303: 泰国ONETEC | N303: CHANHUA PTE. LTD. | O303: 8.3272 | P303: =VLOOKUP(L303,[3]BHSC_销售订单明细报表_060825!$E$1:$E$65536,1,FALSE)
A304: 303 | B304: chanhua | C304: 45744 | D304: 新加坡比特 | E304: NJ-VT | H304: BM1370BC | I304: =VLOOKUP(H304,[1]编码对账表!C:D,2,0) | J304: 109354 | K304: 202503310011 | L304: 1403250331114446 | M304: PIE | N304: CHANHUA PTE. LTD. | O304: 8.3272 | P304: =VLOOKUP(L304,[3]BHSC_销售订单明细报表_060825!$E$1:$E$65536,1,FALSE)
A305: 304 | B305: chanhua | C305: 45744 | D305: 新加坡比特 | E305: JSCC | H305: BM1370PA | I305: =VLOOKUP(H305,[1]编码对账表!C:D,2,0) | J305: 620161 | K305: 202503310011 | L305: 1403250331114446 | M305: PIE | N305: CHANHUA PTE. LTD. | O305: 8.3272 | P305: =VLOOKUP(L305,[3]BHSC_销售订单明细报表_060825!$E$1:$E$65536,1,FALSE)
A306: 305 | B306: chanhua | C306: 45744 | D306: 新加坡比特 | E306: NJ-VT | H306: BM1370PA | I306: =VLOOKUP(H306,[1]编码对账表!C:D,2,0) | J306: 1056103 | K306: 202503310011 | L306: 1403250331114446 | M306: PIE | N306: CHANHUA PTE. LTD. | O306: 8.3272 | P306: =VLOOKUP(L306,[3]BHSC_销售订单明细报表_060825!$E$1:$E$65536,1,FALSE)
A307: 306 | B307: chanhua | C307: 45743 | D307: 新加坡比特 | E307: SPILSZ | H307: BM1370PA | I307: =VLOOKUP(H307,[1]编码对账表!C:D,2,0) | J307: 402800 | K307: 202503310011 | L307: 1403250331114446 | M307: PIE | N307: CHANHUA PTE. LTD. | O307: 8.3272 | P307: =VLOOKUP(L307,[3]BHSC_销售订单明细报表_060825!$E$1:$E$65536,1,FALSE)
A308: 307 | B308: chanhua | C308: 45744 | D308: 新加坡比特 | E308: XJ | H308: BM1370PA | I308: =VLOOKUP(H308,[1]编码对账表!C:D,2,0) | J308: 95322 | K308: 202503310011 | L308: 1403250331114446 | M308: PIE | N308: CHANHUA PTE. LTD. | O308: 8.3272 | P308: =VLOOKUP(L308,[3]BHSC_销售订单明细报表_060825!$E$1:$E$65536,1,FALSE)
A309: 308 | B309: chanhua | C309: 45744 | D309: 新加坡比特 | E309: SPILSZ | H309: BM1370PA | I309: =VLOOKUP(H309,[1]编码对账表!C:D,2,0) | J309: 219474 | K309: 202503310010 | L309: 1403250331114437 | M309: Nationgate | N309: CHANHUA PTE. LTD. | O309: 8.3272 | P309: =VLOOKUP(L309,[3]BHSC_销售订单明细报表_060825!$E$1:$E$65536,1,FALSE)
A310: 309 | B310: chanhua | C310: 45743 | D310: 新加坡比特 | E310: WX-HN | H310: BM1370PA | I310: =VLOOKUP(H310,[1]编码对账表!C:D,2,0) | J310: 100460 | K310: 202503310010 | L310: 1403250331114437 | M310: Nationgate | N310: CHANHUA PTE. LTD. | O310: 8.3272 | P310: =VLOOKUP(L310,[3]BHSC_销售订单明细报表_060825!$E$1:$E$65536,1,FALSE)
A311: 310 | B311: chanhua | C311: 45750 | D311: 新加坡比特 | E311: SPILSZ | H311: BM1370BC | I311: =VLOOKUP(H311,[1]编码对账表!C:D,2,0) | J311: 201088 | K311: 202504080014 | L311: 1403250408141427 | M311: 印尼奥海 | N311: CHANHUA PTE. LTD. | O311: 8.3123 | P311: =VLOOKUP(L311,[3]BHSC_销售订单明细报表_060825!$E$1:$E$65536,1,FALSE)
A312: 311 | B312: chanhua | C312: 45750 | D312: 新加坡比特 | E312: WX-HN | H312: BM1370BC | I312: =VLOOKUP(H312,[1]编码对账表!C:D,2,0) | J312: 387145 | K312: 202504080014 | L312: 1403250408141427 | M312: 印尼奥海 | N312: CHANHUA PTE. LTD. | O312: 8.3123 | P312: =VLOOKUP(L312,[3]BHSC_销售订单明细报表_060825!$E$1:$E$65536,1,FALSE)
A313: 312 | B313: chanhua | C313: 45750 | D313: 新加坡比特 | E313: SPILSZ | H313: BM1370PA | I313: =VLOOKUP(H313,[1]编码对账表!C:D,2,0) | J313: 398 | K313: 202504080014 | L313: 1403250408141427 | M313: 印尼奥海 | N313: CHANHUA PTE. LTD. | O313: 8.3123 | P313: =VLOOKUP(L313,[3]BHSC_销售订单明细报表_060825!$E$1:$E$65536,1,FALSE)
A314: 313 | B314: chanhua | C314: 45750 | D314: 新加坡比特 | E314: WX-HN | H314: BM1370PA | I314: =VLOOKUP(H314,[1]编码对账表!C:D,2,0) | J314: 496103 | K314: 202504080014 | L314: 1403250408141427 | M314: 印尼奥海 | N314: CHANHUA PTE. LTD. | O314: 8.3123 | P314: =VLOOKUP(L314,[3]BHSC_销售订单明细报表_060825!$E$1:$E$65536,1,FALSE)
A315: 314 | B315: chanhua | C315: 45750 | D315: 新加坡比特 | E315: XJ | H315: BM1370PA | I315: =VLOOKUP(H315,[1]编码对账表!C:D,2,0) | J315: 507213 | K315: 202504080014 | L315: 1403250408141427 | M315: 印尼奥海 | N315: CHANHUA PTE. LTD. | O315: 8.3123 | P315: =VLOOKUP(L315,[3]BHSC_销售订单明细报表_060825!$E$1:$E$65536,1,FALSE)
... A355: 354 | B355: chanhua | C355: 45772 | D355: 新加坡比特 | E355: XJ | H355: BM1370PA | I355: =VLOOKUP(H355,[1]编码对账表!C:D,2,0) | J355: 53118 | K355: 202504280010 | L355: 1403250428174630 | M355: 泰国ONETEC | N355: CHANHUA PTE. LTD. | O355: 8.3123 | P355: =VLOOKUP(L355,[3]BHSC_销售订单明细报表_060825!$E$1:$E$65536,1,FALSE)
A356: 355 | B356: chanhua | C356: 45782 | D356: 新加坡比特 | E356: ASECL | H356: BM1370PA | I356: =VLOOKUP(H356,[1]编码对账表!C:D,2,0) | J356: 53200 | K356: 202505060014 | L356: 1403250506164622 | M356: 印尼奥海 | N356: CHANHUA PTE. LTD. | O356: 8.3123 | P356: =VLOOKUP(L356,[3]BHSC_销售订单明细报表_060825!$E$1:$E$65536,1,FALSE) | Q356: 是
A357: 356 | B357: chanhua | C357: 45782 | D357: 新加坡比特 | E357: XJ | H357: BM1370PA | I357: =VLOOKUP(H357,[1]编码对账表!C:D,2,0) | J357: 355036 | K357: 202505060014 | L357: 1403250506164622 | M357: 印尼奥海 | N357: CHANHUA PTE. LTD. | O357: 8.3123 | P357: =VLOOKUP(L357,[3]BHSC_销售订单明细报表_060825!$E$1:$E$65536,1,FALSE) | Q357: 是
A358: 357 | B358: chanhua | C358: 45782 | D358: 新加坡比特 | E358: XJ | H358: BM1370PA | I358: =VLOOKUP(H358,[1]编码对账表!C:D,2,0) | J358: 108573 | K358: 202505060013 | L358: 1403250506164617 | M358: 泰国群光 | N358: CHANHUA PTE. LTD. | O358: 8.3123 | P358: =VLOOKUP(L358,[3]BHSC_销售订单明细报表_060825!$E$1:$E$65536,1,FALSE) | Q358: 是
A359: 358 | B359: chanhua | C359: 45777 | D359: 新加坡比特 | E359: SPILSZ | H359: BM1370BC | I359: =VLOOKUP(H359,[1]编码对账表!C:D,2,0) | J359: 28310 | K359: 202505060012 | L359: 1403250506164606 | M359: 泰国ONETEC | N359: CHANHUA PTE. LTD. | O359: 8.3123 | P359: =VLOOKUP(L359,[3]BHSC_销售订单明细报表_060825!$E$1:$E$65536,1,FALSE)
A360: 359 | B360: chanhua | C360: 45777 | D360: 新加坡比特 | E360: ASECL | H360: BM1370PA | I360: =VLOOKUP(H360,[1]编码对账表!C:D,2,0) | J360: 126364 | K360: 202505060012 | L360: 1403250506164606 | M360: 泰国ONETEC | N360: CHANHUA PTE. LTD. | O360: 8.3123 | P360: =VLOOKUP(L360,[3]BHSC_销售订单明细报表_060825!$E$1:$E$65536,1,FALSE)
A361: 360 | B361: chanhua | C361: 45777 | D361: 新加坡比特 | E361: XJ | H361: BM1370PA | I361: =VLOOKUP(H361,[1]编码对账表!C:D,2,0) | J361: 334873 | K361: 202505060012 | L361: 1403250506164606 | M361: 泰国ONETEC | N361: CHANHUA PTE. LTD. | O361: 8.3123 | P361: =VLOOKUP(L361,[3]BHSC_销售订单明细报表_060825!$E$1:$E$65536,1,FALSE)
A362: 361 | B362: chanhua | C362: 45782 | D362: 新加坡比特 | E362: XJ | H362: BM1370PA | I362: =VLOOKUP(H362,[1]编码对账表!C:D,2,0) | J362: 297619 | K362: 202505060011 | L362: 1403250506164557 | M362: 墨西哥欧陆通 | N362: CHANHUA PTE. LTD. | O362: 8.3123 | P362: =VLOOKUP(L362,[3]BHSC_销售订单明细报表_060825!$E$1:$E$65536,1,FALSE) | Q362: 是
A363: 362 | B363: chanhua | C363: 45777 | D363: 新加坡比特 | E363: ASECL | H363: BM1370PA | I363: =VLOOKUP(H363,[1]编码对账表!C:D,2,0) | J363: 197600 | K363: 202505060010 | L363: 1403250506164547 | M363: PIE | N363: CHANHUA PTE. LTD. | O363: 8.3123 | P363: =VLOOKUP(L363,[3]BHSC_销售订单明细报表_060825!$E$1:$E$65536,1,FALSE)
A364: 363 | B364: chanhua | C364: 45789 | D364: 新加坡比特 | E364: NJ-VT | H364: BM1370PA | I364: =VLOOKUP(H364,[1]编码对账表!C:D,2,0) | J364: 60433 | K364: 202505130012 | L364: 1403250513143320 | M364: 印尼奥海 | N364: CHANHUA PTE. LTD. | O364: 8.3123 | P364: =VLOOKUP(L364,[3]BHSC_销售订单明细报表_060825!$E$1:$E$65536,1,FALSE) | Q364: 是
A365: 364 | B365: chanhua | C365: 45789 | D365: 新加坡比特 | E365: SPILSZ | H365: BM1370AA | I365: =VLOOKUP(H365,[1]编码对账表!C:D,2,0) | J365: 2678 | K365: 202505130010 | L365: 1403250513143259 | M365: Nationgate | N365: CHANHUA PTE. LTD. | O365: 8.3123 | P365: =VLOOKUP(L365,[3]BHSC_销售订单明细报表_060825!$E$1:$E$65536,1,FALSE) | Q365: 是
A366: 365 | B366: chanhua | C366: 45789 | D366: 新加坡比特 | E366: SPILSZ | H366: BM1370BC | I366: =VLOOKUP(H366,[1]编码对账表!C:D,2,0) | J366: 790 | K366: 202505130010 | L366: 1403250513143259 | M366: Nationgate | N366: CHANHUA PTE. LTD. | O366: 8.3123 | P366: =VLOOKUP(L366,[3]BHSC_销售订单明细报表_060825!$E$1:$E$65536,1,FALSE) | Q366: 是
A367: 366 | B367: chanhua | C367: 45789 | D367: 新加坡比特 | E367: SPILSZ | H367: BM1370PA | I367: =VLOOKUP(H367,[1]编码对账表!C:D,2,0) | J367: 341544 | K367: 202505130010 | L367: 1403250513143259 | M367: Nationgate | N367: CHANHUA PTE. LTD. | O367: 8.3123 | P367: =VLOOKUP(L367,[3]BHSC_销售订单明细报表_060825!$E$1:$E$65536,1,FALSE) | Q367: 是
A368: 367 | B368: chanhua | C368: 45789 | D368: 新加坡比特 | E368: NJ-VT | H368: BM1370PA | I368: =VLOOKUP(H368,[1]编码对账表!C:D,2,0) | J368: 258148 | K368: 202505130011 | L368: 1403250513143313 | M368: PIE | N368: CHANHUA PTE. LTD. | O368: 8.3123 | P368: =VLOOKUP(L368,[3]BHSC_销售订单明细报表_060825!$E$1:$E$65536,1,FALSE) | Q368: 是
A369: 368 | B369: chanhua | C369: 45790 | D369: 新加坡比特 | E369: SPILSZ | H369: BM1370AA | I369: =VLOOKUP(H369,[1]编码对账表!C:D,2,0) | J369: 34200 | K369: 202505160010 | L369: 1403250516115442 | M369: Nationgate | N369: CHANHUA PTE. LTD. | O369: 8.3123 | P369: =VLOOKUP(L369,[3]BHSC_销售订单明细报表_060825!$E$1:$E$65536,1,FALSE) | Q369: 是
A370: 369 | B370: chanhua | C370: 45789 | D370: 新加坡比特 | E370: SPILSZ | H370: BM1370PA | I370: =VLOOKUP(H370,[1]编码对账表!C:D,2,0) | J370: 82721 | K370: 202505160011 | L370: 1403250516115452 | M370: PIE | N370: CHANHUA PTE. LTD. | O370: 8.3123 | P370: =VLOOKUP(L370,[3]BHSC_销售订单明细报表_060825!$E$1:$E$65536,1,FALSE) | Q370: 是
A371: 370 | B371: chanhua | C371: 45789 | D371: 新加坡比特 | E371: XJ | H371: BM1370PA | I371: =VLOOKUP(H371,[1]编码对账表!C:D,2,0) | J371: 171316 | K371: 202505160011 | L371: 1403250516115452 | M371: PIE | N371: CHANHUA PTE. LTD. | O371: 8.3123 | P371: =VLOOKUP(L371,[3]BHSC_销售订单明细报表_060825!$E$1:$E$65536,1,FALSE) | Q371: 是
A372: 371 | B372: chanhua | C372: 45789 | D372: 新加坡比特 | E372: XJ | H372: BM1370PA | I372: =VLOOKUP(H372,[1]编码对账表!C:D,2,0) | J372: 235167 | K372: 202505160012 | L372: 1403250516115501 | M372: 墨西哥欧陆通 | N372: CHANHUA PTE. LTD. | O372: 8.3123 | P372: =VLOOKUP(L372,[3]BHSC_销售订单明细报表_060825!$E$1:$E$65536,1,FALSE) | Q372: 是
A373: 372 | B373: chanhua | C373: 45789 | D373: 新加坡比特 | E373: SPILSZ | H373: BM1370PA | I373: =VLOOKUP(H373,[1]编码对账表!C:D,2,0) | J373: 66563 | K373: 202505160013 | L373: 1403250516115508 | M373: 印尼奥海 | N373: CHANHUA PTE. LTD. | O373: 8.3123 | P373: =VLOOKUP(L373,[3]BHSC_销售订单明细报表_060825!$E$1:$E$65536,1,FALSE) | Q373: 是
A374: 373 | B374: chanhua | C374: 45789 | D374: 新加坡比特 | E374: XJ | H374: BM1370PA | I374: =VLOOKUP(H374,[1]编码对账表!C:D,2,0) | J374: 251617 | K374: 202505160013 | L374: 1403250516115508 | M374: 印尼奥海 | N374: CHANHUA PTE. LTD. | O374: 8.3123 | P374: =VLOOKUP(L374,[3]BHSC_销售订单明细报表_060825!$E$1:$E$65536,1,FALSE) | Q374: 是
A375: 374 | B375: chanhua | C375: 45789 | D375: 新加坡比特 | E375: ASECL | H375: BM1370PA | I375: =VLOOKUP(H375,[1]编码对账表!C:D,2,0) | J375: 197600 | K375: 202505190010 | L375: 1403250519150612 | M375: PIE | N375: CHANHUA PTE. LTD. | O375: 8.3123 | P375: =VLOOKUP(L375,[3]BHSC_销售订单明细报表_060825!$E$1:$E$65536,1,FALSE) | Q375: 是
... A383: 382 | B383: chanhua | C383: 45795 | D383: 新加坡比特 | E383: XJ | H383: BM1370PA | I383: =VLOOKUP(H383,[1]编码对账表!C:D,2,0) | J383: 263102 | K383: 202505200013 | L383: 1403250520145609 | M383: 泰国ONETEC | N383: CHANHUA PTE. LTD. | O383: 8.3123 | P383: =VLOOKUP(L383,[3]BHSC_销售订单明细报表_060825!$E$1:$E$65536,1,FALSE) | Q383: 是
A384: 383 | B384: chanhua | C384: 45796 | D384: 新加坡比特 | E384: ASE-KH | H384: BM1370BC | I384: =VLOOKUP(H384,[1]编码对账表!C:D,2,0) | J384: 50264 | K384: 202506030012 | L384: 1403250520145601 | M384: 墨西哥欧陆通 | N384: CHANHUA PTE. LTD. | O384: 8.3123 | P384: =VLOOKUP(L384,[3]BHSC_销售订单明细报表_060825!$E$1:$E$65536,1,FALSE) | Q384: 是 | R384: 待复核
A385: 384 | B385: chanhua | C385: 45795 | D385: 新加坡比特 | E385: NJ-VT | H385: BM1370PA | I385: =VLOOKUP(H385,[1]编码对账表!C:D,2,0) | J385: 143959 | K385: 202505200012 | L385: 1403250520145601 | M385: 墨西哥欧陆通 | N385: CHANHUA PTE. LTD. | O385: 8.3123 | P385: =VLOOKUP(L385,[3]BHSC_销售订单明细报表_060825!$E$1:$E$65536,1,FALSE) | Q385: 是
A386: 385 | B386: chanhua | C386: 45795 | D386: 新加坡比特 | E386: SPILSZ | H386: BM1370BC | I386: =VLOOKUP(H386,[1]编码对账表!C:D,2,0) | J386: 11624 | K386: 202505200012 | L386: 1403250520145601 | M386: 墨西哥欧陆通 | N386: CHANHUA PTE. LTD. | O386: 8.3123 | P386: =VLOOKUP(L386,[3]BHSC_销售订单明细报表_060825!$E$1:$E$65536,1,FALSE) | Q386: 是
A387: 386 | B387: chanhua | C387: 45795 | D387: 新加坡比特 | E387: XJ | H387: BM1370PA | I387: =VLOOKUP(H387,[1]编码对账表!C:D,2,0) | J387: 146168 | K387: 202505200012 | L387: 1403250520145601 | M387: 墨西哥欧陆通 | N387: CHANHUA PTE. LTD. | O387: 8.3123 | P387: =VLOOKUP(L387,[3]BHSC_销售订单明细报表_060825!$E$1:$E$65536,1,FALSE) | Q387: 是
A388: 387 | B388: chanhua | C388: 45793 | D388: 新加坡比特 | E388: SPILSZ | H388: BM1370AA | I388: =VLOOKUP(H388,[1]编码对账表!C:D,2,0) | J388: 275028 | K388: 202505200011 | L388: 1403250520145553 | M388: PIE | N388: CHANHUA PTE. LTD. | O388: 8.3123 | P388: =VLOOKUP(L388,[3]BHSC_销售订单明细报表_060825!$E$1:$E$65536,1,FALSE) | Q388: 是
A389: 388 | B389: chanhua | C389: 45796 | D389: 新加坡比特 | E389: WX-HN | H389: BM1370BC | I389: =VLOOKUP(H389,[1]编码对账表!C:D,2,0) | J389: 207519 | K389: 202505200011 | L389: 1403250520145553 | M389: PIE | N389: CHANHUA PTE. LTD. | O389: 8.3123 | P389: =VLOOKUP(L389,[3]BHSC_销售订单明细报表_060825!$E$1:$E$65536,1,FALSE) | Q389: 是
A390: 389 | B390: chanhua | C390: 45796 | D390: 新加坡比特 | E390: WX-HN | H390: BM1370PA | I390: =VLOOKUP(H390,[1]编码对账表!C:D,2,0) | J390: 148428 | K390: 202505200011 | L390: 1403250520145553 | M390: PIE | N390: CHANHUA PTE. LTD. | O390: 8.3123 | P390: =VLOOKUP(L390,[3]BHSC_销售订单明细报表_060825!$E$1:$E$65536,1,FALSE) | Q390: 是
A391: 390 | B391: chanhua | C391: 45793 | D391: 新加坡比特 | E391: NJ-VT | H391: BM1370PA | I391: =VLOOKUP(H391,[1]编码对账表!C:D,2,0) | J391: 675865 | K391: 202505200010 | L391: 1403250520145544 | M391: Nationgate | N391: CHANHUA PTE. LTD. | O391: 8.3123 | P391: =VLOOKUP(L391,[3]BHSC_销售订单明细报表_060825!$E$1:$E$65536,1,FALSE) | Q391: 是
A392: 391 | B392: chanhua | C392: 45795 | D392: 新加坡比特 | E392: XJ | H392: BM1370PA | I392: =VLOOKUP(H392,[1]编码对账表!C:D,2,0) | J392: 1439814 | K392: 202505200010 | L392: 1403250520145544 | M392: Nationgate | N392: CHANHUA PTE. LTD. | O392: 8.3123 | P392: =VLOOKUP(L392,[3]BHSC_销售订单明细报表_060825!$E$1:$E$65536,1,FALSE) | Q392: 是
A393: 392 | B393: chanhua | C393: 45799 | D393: 新加坡比特 | E393: SPILSZ | H393: BM1370BC | I393: =VLOOKUP(H393,[1]编码对账表!C:D,2,0) | J393: 1286 | K393: 202505230010 | L393: 1403250523113908 | M393: 泰国ONETEC | N393: CHANHUA PTE. LTD. | O393: 8.3123 | P393: =VLOOKUP(L393,[3]BHSC_销售订单明细报表_060825!$E$1:$E$65536,1,FALSE) | Q393: 是
A394: 393 | B394: chanhua | C394: 45799 | D394: 新加坡比特 | E394: SPILSZ | H394: BM1370PA | I394: =VLOOKUP(H394,[1]编码对账表!C:D,2,0) | J394: 65382 | K394: 202505230010 | L394: 1403250523113908 | M394: 泰国ONETEC | N394: CHANHUA PTE. LTD. | O394: 8.3123 | P394: =VLOOKUP(L394,[3]BHSC_销售订单明细报表_060825!$E$1:$E$65536,1,FALSE) | Q394: 是
A395: 394 | B395: chanhua | C395: 45800 | D395: 新加坡比特 | E395: ASECL | H395: BM1370PA | I395: =VLOOKUP(H395,[1]编码对账表!C:D,2,0) | J395: 171000 | K395: 202505270010 | L395: 1403250527144840 | M395: nationgate | N395: CHANHUA PTE. LTD. | O395: 8.3123 | P395: =VLOOKUP(L395,[3]BHSC_销售订单明细报表_060825!$E$1:$E$65536,1,FALSE) | Q395: 是
A396: 395 | B396: chanhua | C396: 45800 | D396: 新加坡比特 | E396: WX-HN | H396: BM1370BC | I396: =VLOOKUP(H396,[1]编码对账表!C:D,2,0) | J396: 40706 | K396: 202505270010 | L396: 1403250527144840 | M396: nationgate | N396: CHANHUA PTE. LTD. | O396: 8.3123 | P396: =VLOOKUP(L396,[3]BHSC_销售订单明细报表_060825!$E$1:$E$65536,1,FALSE) | Q396: 是
... A403: 402 | B403: chanhua | C403: 45800 | D403: 新加坡比特 | E403: ASECL | H403: BM1370PA | I403: =VLOOKUP(H403,[1]编码对账表!C:D,2,0) | J403: 670649 | K403: 202505270014 | L403: 1403250527144917 | M403: 印尼奥海 | N403: CHANHUA PTE. LTD. | O403: 8.3123 | P403: =VLOOKUP(L403,[3]BHSC_销售订单明细报表_060825!$E$1:$E$65536,1,FALSE) | Q403: 是
A404: 402 | B404: chanhua | C404: 45800 | D404: 新加坡比特 | E404: ASECL | H404: BM1370PA | I404: =VLOOKUP(H404,[1]编码对账表!C:D,2,0) | J404: 22800 | K404: 2025070900109 | L404: 1403250709175507 | M404: 马来KPMI | N404: CHANHUA PTE. LTD. | O404: 8.3123 | Q404: 是 | R404: 等待ASECL传输数据
A405: 402 | B405: chanhua | C405: 45800 | D405: 新加坡比特 | E405: XJ | H405: BM1370PA | I405: =VLOOKUP(H405,[1]编码对账表!C:D,2,0) | J405: 959648 | K405: 202505270014 | L405: 1403250527144917 | M405: 印尼奥海 | N405: CHANHUA PTE. LTD. | O405: 8.3123 | P405: =VLOOKUP(L405,[3]BHSC_销售订单明细报表_060825!$E$1:$E$65536,1,FALSE) | Q405: 是
A406: 402 | B406: chanhua | C406: 45800 | D406: 新加坡比特 | E406: NJ-VT | H406: BM1370AA | I406: =VLOOKUP(H406,[1]编码对账表!C:D,2,0) | J406: 45664 | K406: 202505270010 | L406: 1403250527144840 | M406: Nationgate | N406: CHANHUA PTE. LTD. | O406: 8.3123 | P406: =VLOOKUP(L406,[3]BHSC_销售订单明细报表_060825!$E$1:$E$65536,1,FALSE) | Q406: 是 | R406: 被杂出
A407: 402 | B407: chanhua | C407: 45800 | D407: 新加坡比特 | E407: NJ-VT | H407: BM1370BC | I407: =VLOOKUP(H407,[1]编码对账表!C:D,2,0) | J407: 130036 | K407: 202505270010 | L407: 1403250527144840 | M407: Nationgate | N407: CHANHUA PTE. LTD. | O407: 8.3123 | P407: =VLOOKUP(L407,[3]BHSC_销售订单明细报表_060825!$E$1:$E$65536,1,FALSE) | Q407: 是
A408: 402 | B408: chanhua | C408: 45800 | D408: 新加坡比特 | E408: NJ-VT | H408: BM1370PA | I408: =VLOOKUP(H408,[1]编码对账表!C:D,2,0) | J408: 683073 | K408: 202505270010 | L408: 1403250527144840 | M408: Nationgate | N408: CHANHUA PTE. LTD. | O408: 8.3123 | P408: =VLOOKUP(L408,[3]BHSC_销售订单明细报表_060825!$E$1:$E$65536,1,FALSE) | Q408: 是
A409: 402 | B409: chanhua | C409: 45800 | D409: 新加坡比特 | E409: NJ-VT | H409: BM1370PA | I409: =VLOOKUP(H409,[1]编码对账表!C:D,2,0) | J409: 16886 | K409: 202505270012 | L409: 1403250527144857 | M409: 泰国ONETEC | N409: CHANHUA PTE. LTD. | O409: 8.3123 | P409: =VLOOKUP(L409,[3]BHSC_销售订单明细报表_060825!$E$1:$E$65536,1,FALSE) | Q409: 是
A410: 402 | B410: chanhua | C410: 45800 | D410: 新加坡比特 | E410: NJ-VT | H410: BM1370PA | I410: =VLOOKUP(H410,[1]编码对账表!C:D,2,0) | J410: 135892 | K410: 202505270014 | L410: 1403250527144917 | M410: 印尼奥海 | N410: CHANHUA PTE. LTD. | O410: 8.3123 | P410: =VLOOKUP(L410,[3]BHSC_销售订单明细报表_060825!$E$1:$E$65536,1,FALSE) | Q410: 是
A411: 402 | B411: chanhua | C411: 45800 | D411: 新加坡比特 | E411: ASECL | H411: BM1370 | I411: =VLOOKUP(H411,[1]编码对账表!C:D,2,0) | J411: 96 | N411: CHANHUA PTE. LTD. | P411: =VLOOKUP(L411,[3]BHSC_销售订单明细报表_060825!$E$1:$E$65536,1,FALSE)
A412: 402 | B412: chanhua | C412: 45800 | D412: 新加坡比特 | E412: ASECL | H412: BM1370A1 | I412: =VLOOKUP(H412,[1]编码对账表!C:D,2,0) | J412: 39 | N412: CHANHUA PTE. LTD. | P412: =VLOOKUP(L412,[3]BHSC_销售订单明细报表_060825!$E$1:$E$65536,1,FALSE)
A413: 402 | B413: chanhua | C413: 45800 | D413: 新加坡比特 | E413: ASECL | H413: BM1370AA | I413: =VLOOKUP(H413,[1]编码对账表!C:D,2,0) | J413: 500 | K413: HKK202505230015 | L413: 1403250811165711 | M413: CHHXYXPBLC | N413: CHANHUA PTE. LTD. | O413: 8.3123 | P413: =VLOOKUP(L413,[3]BHSC_销售订单明细报表_060825!$E$1:$E$65536,1,FALSE)
A414: 402 | B414: chanhua | C414: 45800 | D414: 新加坡比特 | E414: ASECL | H414: BM1370BB | I414: =VLOOKUP(H414,[1]编码对账表!C:D,2,0) | J414: 924 | K414: HKK202505230016 | L414: 1403250811165722 | M414: CHHXYXPBLC | N414: CHANHUA PTE. LTD. | O414: 8.3123 | P414: =VLOOKUP(L414,[3]BHSC_销售订单明细报表_060825!$E$1:$E$65536,1,FALSE)
A415: 402 | B415: chanhua | C415: 45800 | D415: 新加坡比特 | E415: ASECL | H415: BM1370BC | I415: =VLOOKUP(H415,[1]编码对账表!C:D,2,0) | J415: 53961 | K415: HKK202505230017 | L415: 1403250811165733 | M415: CHHXYXPBLC | N415: CHANHUA PTE. LTD. | O415: 8.3123 | P415: =VLOOKUP(L415,[3]BHSC_销售订单明细报表_060825!$E$1:$E$65536,1,FALSE)
A416: 402 | B416: chanhua | C416: 45800 | D416: 新加坡比特 | E416: ASECL | H416: BM1370BC | I416: =VLOOKUP(H416,[1]编码对账表!C:D,2,0) | J416: 1617 | K416: HKK202505230018 | L416: 1403250811165741 | M416: CHHXYXPBLC | N416: CHANHUA PTE. LTD. | O416: 8.3123 | P416: =VLOOKUP(L416,[3]BHSC_销售订单明细报表_060825!$E$1:$E$65536,1,FALSE)
A417: 402 | B417: chanhua | C417: 45800 | D417: 新加坡比特 | E417: ASECL | H417: BM1370PA | I417: =VLOOKUP(H417,[1]编码对账表!C:D,2,0) | J417: 48210 | K417: HKK202505230019 | L417: 1403250811165750 | M417: CHHXYXPBLC | N417: CHANHUA PTE. LTD. | O417: 8.3123 | P417: =VLOOKUP(L417,[3]BHSC_销售订单明细报表_060825!$E$1:$E$65536,1,FALSE)
A418: 402 | B418: chanhua | C418: 45800 | D418: 新加坡比特 | E418: ASECL | H418: BM1370PA | I418: =VLOOKUP(H418,[1]编码对账表!C:D,2,0) | J418: 1925 | K418: HKK202505230020 | L418: 1403250811165759 | M418: CHHXYXPBLC | N418: CHANHUA PTE. LTD. | O418: 8.3123 | P418: =VLOOKUP(L418,[3]BHSC_销售订单明细报表_060825!$E$1:$E$65536,1,FALSE)
A419: 402 | B419: chanhua | C419: 45800 | D419: 新加坡比特 | E419: ASECL | H419: BM1370PM | I419: =VLOOKUP(H419,[1]编码对账表!C:D,2,0) | J419: 592 | K419: HKK202505230021 | L419: 1403250811165810 | M419: CHHXYXPBLC | N419: CHANHUA PTE. LTD. | O419: 8.3123 | P419: =VLOOKUP(L419,[3]BHSC_销售订单明细报表_060825!$E$1:$E$65536,1,FALSE)
A420: 402 | B420: chanhua | C420: 45800 | D420: 新加坡比特 | E420: ASECL | H420: BM1372 | I420: =VLOOKUP(H420,[1]编码对账表!C:D,2,0) | J420: 1 | N420: CHANHUA PTE. LTD. | P420: =VLOOKUP(L420,[3]BHSC_销售订单明细报表_060825!$E$1:$E$65536,1,FALSE)
A421: 402 | B421: chanhua | C421: 45807 | D421: 新加坡比特 | E421: WX-HN | H421: BM1370PA | I421: =VLOOKUP(H421,[1]编码对账表!C:D,2,0) | J421: 181958 | K421: 202505300010 | L421: 1403250530170134 | M421: Nationgate | N421: CHANHUA PTE. LTD. | O421: 8.3123 | P421: =VLOOKUP(L421,[3]BHSC_销售订单明细报表_060825!$E$1:$E$65536,1,FALSE) | Q421: 是
A422: 402 | B422: chanhua | C422: 45804 | D422: 新加坡比特 | E422: XJ | H422: BM1370PA | I422: =VLOOKUP(H422,[1]编码对账表!C:D,2,0) | J422: 30973 | K422: 202505300011 | L422: 1403250530170143 | M422: 墨西哥欧陆通 | N422: CHANHUA PTE. LTD. | O422: 8.3123 | P422: =VLOOKUP(L422,[3]BHSC_销售订单明细报表_060825!$E$1:$E$65536,1,FALSE) | Q422: 是 | R422: 待复核
A423: 402 | B423: chanhua | C423: 45807 | D423: 新加坡比特 | E423: WX-HN | H423: BM1370PA | I423: =VLOOKUP(H423,[1]编码对账表!C:D,2,0) | J423: 422397 | K423: 202505300012 | L423: 1403250530170151 | M423: 泰国群光 | N423: CHANHUA PTE. LTD. | O423: 8.3123 | P423: =VLOOKUP(L423,[3]BHSC_销售订单明细报表_060825!$E$1:$E$65536,1,FALSE) | Q423: 是
A424: 402 | B424: chanhua | C424: 45807 | D424: 新加坡比特 | E424: WX-HN | H424: BM1370PA | I424: =VLOOKUP(H424,[1]编码对账表!C:D,2,0) | J424: 233624 | K424: 202505300013 | L424: 1403250530170159 | M424: 印尼奥海 | N424: CHANHUA PTE. LTD. | O424: 8.3123 | P424: =VLOOKUP(L424,[3]BHSC_销售订单明细报表_060825!$E$1:$E$65536,1,FALSE) | Q424: 是
...

Sheet 编码对账表
A1: =G:G | B1: 芯片简称 | C1: 芯片名称 | D1: 物料编码 | E1: Wafer名称 | F1: 物料编码 | G1: 晶圆名称 | H1: 晶圆描述 | I1: 封装描述 | J1: 测试描述 | K1: 裸die数量 | L1: 晶圆 | N1: 芯片 | O1: -
A2: TMJR23A-T1EAZP | B2: BM1390S | C2: BM1390S | D2: Y09BM1390S10 | E2: BM1390S | F2: Y09JY1390S00 | G2: TMJR23A-T1EAZP | H2: 12nm, No PI, No Bumping | I2: molding | K2: 6058 | L2: =E2&$L$1 | N2: =C2&$N$1
A3: TMJR23B-T1EAZP | B3: BM1390P | C3: BM1390P | D3: Y09BM1390P10 | E3: BM1390P | F3: Y09JY1390P00 | G3: TMJR23B-T1EAZP | H3: 12nm, No PI, No Bumping | I3: molding | K3: 6058 | L3: =E3&$L$1 | N3: =C3&$N$1
A4: TMJR23F-T4EAZP | B4: BM1390C | C4: BM1390C | D4: Y09BM1390C00 | E4: BM1390C | F4: Y09JY1390C10 | G4: TMJR23F-T4EAZP | H4: 306/309 mask change | I4: molding | K4: 6058 | L4: =E4&$L$1 | N4: =C4&$N$1
A5: TMJR23G-T4EAZP | B5: BM1390G | C5: BM1390G | D5: Y09BM1390G20 | E5: BM1390G | F5: Y09JY1390G20 | G5: TMJR23G-T4EAZP | H5: 12nm, No PI, No Bumping, N12 BKM Process Change | I5: molding | K5: 6058 | L5: =E5&$L$1 | N5: =C5&$N$1
A6: TMJR23A-T1EAZP | B6: BM1390SE | C6: BM1390SE | D6: Y09BM1390130 | E6: BM1390S | F6: Y09JY1390S00 | G6: TMJR23A-T1EAZP | H6: 12nm, No PI, No Bumping | I6: Molding, exposed die | K6: 6058 | L6: =E6&$L$1 | N6: =C6&$N$1
A7: TMIH52A-T1EAZT | B7: BM1485AE | C7: BM1485AE | D7: Y09BM1485110 | E7: BM1485 | F7: Y09JY1485000 | G7: TMIH52A-T1EAZT | H7: 28nm, No PI, No Bumping | I7: Molding, exposed die | K7: 2378 | L7: =E7&$L$1 | N7: =C7&$N$1
A8: TMJS53A-EAZT | B8: BM1720 | C8: BM1720 | D8: Y09BM1720010 | E8: BM1720 | F8: Y09JY1720000 | G8: TMJS53A-EAZT | H8: 28nm, No PI, No Bumping | I8: molding | K8: 7083 | L8: =E8&$L$1 | N8: =C8&$N$1
A9: TMJW99A-EAZP | B9: BM1700 | C9: BM1700 | D9: Y09BM1700000 | E9: BM1700 | F9: Y09JY1700010 | G9: TMJW99A-EAZP | H9: 12nm, No PI, No Bumping | I9: molding | K9: 2586 | L9: =E9&$L$1 | N9: =C9&$N$1
A10: TMJW99B-EAZP | B10: BM1700B | C10: BM1700B | D10: Y09BM1700B00 | E10: BM1700B | F10: Y09JY1700B20 | G10: TMJW99B-EAZP | H10: 12nm, No PI, No Bumping, Process Change | I10: molding | K10: 2586 | L10: =E10&$L$1 | N10: =C10&$N$1
A11: TMJW99C-EAZP | B11: BM1700C | C11: BM1700C | D11: Y09BM1370C00 | E11: BM1700C | F11: Y09JY1700C30 | G11: TMJW99C-EAZP | H11: 12nm, No PI, No Bumping, N12 BKM Process Change | I11: molding | K11: 2586 | L11: =E11&$L$1 | N11: =C11&$N$1
A12: TMHF24A-C1T7EAZ | B12: BM1385L2 | C12: BM1385L2 | D12: Y09BM1385101 | E12: BM1385 | F12: Y09JY1385010 | G12: TMHF24A-C1T7EAZ | H12: 28nm, No PI, No Bumping | I12: molding，2层基板 | K12: 7125 | L12: =E12&$L$1 | N12: =C12&$N$1
A13: TMHF24A-C1T7EAZ | B13: BM1580L2 | C13: BM1580L2 | D13: Y09BM1580000 | E13: BM1385 | F13: Y09JY1385010 | G13: TMHF24A-C1T7EAZ | H13: 28nm, No PI, No Bumping | I13: molding，2层基板 | K13: 7125 | L13: =E13&$L$1 | N13: =C13&$N$1
A14: TMHF24A-C1T7EAZ | B14: BM1580L3 | C14: BM1580L3 | D14: Y09BM1580010 | E14: BM1385 | F14: Y09JY1385010 | G14: TMHF24A-C1T7EAZ | H14: 28nm, No PI, No Bumping | I14: molding，3层基板 | K14: 7125 | L14: =E14&$L$1 | N14: =C14&$N$1
A15: TMNI18_C37 | B15: BM17A0 | C15: BM17A0 | D15: 0 | F15: #N/A | G15: TMNI18_C37 | H15: 0.18um, CMOS High Voltage Process | I15: molding | K15: MPW | L15: =E15&$L$1 | N15: =C15&$N$1
A16: TMKB24A-T1DDAEABT | B16: BM1790 | C16: BM1790 | D16: Y09BM1790001 | E16: BM1790 | F16: Y09JY1790010 | G16: TMKB24A-T1DDAEABT | H16: 28nm, Only bumping process with mask 020A | I16: molding | K16: 581 | L16: =E16&$L$1 | N16: =C16&$N$1
A17: TMKB24A-T1EAZT | B17: BM1790_BP_I | C17: BM1790 | D17: Y09BM1790001 | E17: BM1790 | F17: Y09JY1790010 | G17: TMKB24A-T1EAZT | H17: 28nm, With PI process, mask 009A | I17: molding | K17: 581 | L17: =E17&$L$1 | N17: =C17&$N$1
A18: TMKB24A-EAZT | B18: BM1790_BP | C18: BM1790 | D18: Y09BM1790001 | E18: BM1790 | F18: Y09JY1790010 | G18: TMKB24A-EAZT | H18: 28nm, Without PI process, mask 009A | I18: molding | K18: 581 | L18: =E18&$L$1 | N18: =C18&$N$1
A19: TMKB24A-EAZT | B19: BM1790P | C19: BM1790 | D19: Y09BM1790001 | E19: BM1790 | F19: Y09JY1790010 | G19: TMKB24A-EAZT | H19: 28nm, Without PI process, mask 009A | I19: molding，with PI | K19: 581 | L19: =E19&$L$1 | N19: =C19&$N$1
A20: TMKB24A-EAZT | B20: BM1790E | C20: BM1790E | D20: Y09BM1790E10 | E20: BM1790 | F20: Y09JY1790010 | G20: TMKB24A-EAZT | H20: 28nm, Without PI process | I20: molding，with PI, exposed die | K20: 581 | L20: =E20&$L$1 | N20: =C20&$N$1
A21: TMIH52A-T1EAZT | B21: BM1485L2 | C21: BM1485L2 | D21: Y09BM1485001 | E21: BM1485 | F21: Y09JY1485000 | G21: TMIH52A-T1EAZT | H21: 28nm, No PI, No Bumping | I21: 2 Layer substrate | K21: 2378 | L21: =E21&$L$1 | N21: =C21&$N$1
A22: TMKC90A-EAZT | B22: BM1740 | C22: BM1740 | D22: Y09BM1740000 | E22: BM1740 | F22: Y09JY1740010 | G22: TMKC90A-EAZT | H22: 10nm, No Bumping | I22: molding | K22: 296 | L22: =E22&$L$1 | N22: =C22&$N$1
A23: TMHU59C-T7EAZP | B23: BM1387BH | C23: BM1387BH | D23: Y09BM138BH60 | E23: BM1387B | F23: Y09JY1387B00 | G23: TMHU59C-T7EAZP | H23: 16nm, No PI, No Bumping | I23: High thermal compound package | K23: 5180 | L23: =E23&$L$1 | N23: =C23&$N$1
A24: TMHU59C-T7EAZP | B24: BM1387BE | C24: BM1387BE | D24: Y09BM138BE0E | E24: BM1387B | F24: Y09JY1387B00 | G24: TMHU59C-T7EAZP | H24: 16nm, No PI, No Bumping | I24: exposed die package | K24: 5180 | L24: =E24&$L$1 | N24: =C24&$N$1
A25: TMJZ27A-T1EAZT | B25: BM1682 | C25: BM1682 | D25: Y09BM1682000 | E25: BM1682 | F25: Y09JY1682000 | G25: TMJZ27A-T1EAZT | H25: 28nm, No PI, No Bumping | I25: molding | K25: 265 | L25: =E25&$L$1 | N25: =C25&$N$1
A26: TMJZ27A-T1EAZT | B26: BM1682_A | C26: BM1682_A | D26: Y09BM1682A11 | E26: BM1682 | F26: Y09JY1682000 | G26: TMJZ27A-T1EAZT | H26: 28nm, No PI, No Bumping | I26: molding, ASEKH second version substrate | K26: 265 | L26: =E26&$L$1 | N26: =C26&$N$1
A27: TMJZ27A-T1EAZT | B27: BM1682_B | C27: BM1682_B | D27: Y09BM1682B11 | E27: BM1682 | F27: Y09JY1682000 | G27: TMJZ27A-T1EAZT | H27: 28nm, No PI, No Bumping | I27: molding, ASEKH second version substrate | J27: 矿机专用测试程序 | K27: 265 | L27: =E27&$L$1 | N27: =C27&$N$1
A28: TMJI89A-EAZT | B28: BM1760 | C28: BM1760 | D28: Y09BM1760010 | E28: BM1760 | F28: Y09JY1760010 | G28: TMJI89A-EAZT | H28: 28nm, No PI, No Bumping | I28: molding | K28: 7973 | L28: =E28&$L$1 | N28: =C28&$N$1
A29: TMJI89A-T1EAZT | B29: BM1760B | C29: BM1760B | D29: Y09BM1760B00 | E29: BM1760B | F29: Y09JY1760B20 | G29: TMJI89A-T1EAZT | H29: 28nm, No PI, No Bumping, Process Change | I29: molding | K29: 7973 | L29: =E29&$L$1 | N29: =C29&$N$1
A30: TMJI89A-T1EAZT | B30: BM1760BE | C30: BM1760BE | D30: Y09BM1760B10 | E30: BM1760B | F30: Y09JY1760B20 | G30: TMJI89A-T1EAZT | H30: 28nm, No PI, No Bumping, Process Change | I30: exposed die package | K30: 7973 | L30: =E30&$L$1 | N30: =C30&$N$1
A31: TMKC37A-EAZT | B31: BM1393P | C31: BM1393P | D31: Y09BM1393P00 | E31: BM1393P | F31: Y09JY1393P10 | G31: TMKC37A-EAZT | H31: 10nm, With PI, No Bumping | I31: molding, without Caps | K31: 4398 | L31: =E31&$L$1 | N31: =C31&$N$1
A32: TMKC37A-EAZT | B32: BM1393PC | C32: BM1393PC | D32: Y09BM1393100 | E32: BM1393P | F32: Y09JY1393P10 | G32: TMKC37A-EAZT | H32: 10nm, With PI, No Bumping | I32: molding, with Caps | K32: 4398 | L32: =E32&$L$1 | N32: =C32&$N$1
A33: TMKC37A-T1EAZT | B33: BM1393 | C33: BM1393 | D33: Y09BM1393000 | E33: BM1393 | F33: Y09JY1393010 | G33: TMKC37A-T1EAZT | H33: 10nm, No PI, No Bumping | I33: molding, without Caps | K33: 4398 | L33: =E33&$L$1 | N33: =C33&$N$1
A34: TMKC37A-T1EAZT | B34: BM1393C | C34: BM1393C | D34: Y09BM1393C00 | E34: BM1393 | F34: Y09JY1393010 | G34: TMKC37A-T1EAZT | H34: 10nm, No PI, No Bumping | I34: molding, with Caps | K34: 4398 | L34: =E34&$L$1 | N34: =C34&$N$1
A35: TMKC37C-T1EAZT | B35: BM1393B | C35: BM1393B | D35: Y09BM1393B00 | E35: BM1393B | F35: Y09JY1393B20 | G35: TMKC37C-T1EAZT | H35: 10nm, No PI, No Bumping，mask change | I35: molding, without Caps | K35: 4398 | L35: =E35&$L$1 | N35: =C35&$N$1
A36: TMKC37C-T1EAZT | B36: BM1393BC | C36: BM1393BC | D36: Y09BM1393B10 | E36: BM1393B | F36: Y09JY1393B20 | G36: TMKC37C-T1EAZT | H36: 10nm, No PI, No Bumping, mask change | I36: molding, with Caps | K36: 4398 | L36: =E36&$L$1 | N36: =C36&$N$1
A37: TMKC37B-T2EAZT | B37: BM1393_BGM | C37: BM1393_BGM | D37: Y09BM1393300 | E37: BM1393_BGM | F37: Y09JY1393130 | G37: TMKC37B-T2EAZT | H37: 10nm, No PI, No Bumping，Custom IO, BGM | I37: molding, without Caps | K37: 4398 | L37: =E37&$L$1 | N37: =C37&$N$1
A38: TMKC37C-T2EAZT | B38: BM1393B_BGM | C38: BM1393B_BGM | D38: Y09BM1393B30 | E38: BM1393B_BGM | F38: Y09JY1393240 | G38: TMKC37C-T2EAZT | H38: 10nm, No PI, No Bumping，TSMC IO, BGM | I38: molding, without Caps | K38: 4398 | L38: =E38&$L$1 | N38: =C38&$N$1
A39: TMKC37C-T2DNAEACT | B39: BM1393B_BGM_CP | C39: BM1393B_BGM_CP | D39: #N/A | E39: BM1393B_BGM_CP | F39: #N/A | G39: TMKC37C-T2DNAEACT | H39: TSMC IO, BGM, TSMC bumping + CP | I39: molding, without Caps | K39: 4398 | L39: =E39&$L$1 | N39: =C39&$N$1
A40: TMKC37B-T2EAZT | B40: BM1393C_BGM | C40: BM1393C_BGM | D40: Y09BM1393C10 | E40: BM1393_BGM | F40: Y09JY1393130 | G40: TMKC37B-T2EAZT | H40: 10nm, No PI, No Bumping，Custom IO, BGM | I40: molding, with Caps | K40: 4398 | L40: =E40&$L$1 | N40: =C40&$N$1
A41: TMKC37C-T2EAZT | B41: BM1393BC_BGM | C41: BM1393BC_BGM | D41: Y09BM1393B40 | E41: BM1393B_BGM | F41: Y09JY1393240 | G41: TMKC37C-T2EAZT | H41: 10nm, No PI, No Bumping，TSMC IO, BGM | I41: molding, with Caps | K41: 4398 | L41: =E41&$L$1 | N41: =C41&$N$1
A42: TMKC37A-T1EAZT | B42: BM1393C1 | C42: BM1393C1 | D42: Y09BM1393C40 | E42: BM1393 | F42: Y09JY1393010 | G42: TMKC37A-T1EAZT | H42: 10nm, No PI, No Bumping，Custom IO, BSL | I42: molding, with Section Caps | K42: 4398 | L42: =E42&$L$1 | N42: =C42&$N$1
A43: TMKC37C-T1EAZT | B43: BM1393BC1 | C43: BM1393BC1 | D43: Y09BM1393C60 | E43: BM1393B | F43: Y09JY1393B20 | G43: TMKC37C-T1EAZT | H43: 10nm, No PI, No Bumping，TSMC IO, BSL | I43: molding, with Section Caps | K43: 4398 | L43: =E43&$L$1 | N43: =C43&$N$1
A44: TMKC37B-T2EAZT | B44: BM1393C1_BGM | C44: BM1393C1_BGM | D44: Y09BM1393C20 | E44: BM1393_BGM | F44: Y09JY1393130 | G44: TMKC37B-T2EAZT | H44: 10nm, No PI, No Bumping，Custom IO, BGM | I44: molding, with Section Caps | K44: 4398 | L44: =E44&$L$1 | N44: =C44&$N$1
A45: TMKC37C-T2EAZT | B45: BM1393BC1_BGM | C45: BM1393BC1_BGM | D45: Y09BM1393B50 | E45: BM1393B_BGM | F45: Y09JY1393240 | G45: TMKC37C-T2EAZT | H45: 10nm, No PI, No Bumping，TSMC IO, BGM | I45: molding, with Section Caps | K45: 4398 | L45: =E45&$L$1 | N45: =C45&$N$1
A46: TMKC37A-T1EAZT | B46: BM1393C2 | C46: BM1393C2 | D46: Y09BM1393C50 | E46: BM1393 | F46: Y09JY1393010 | G46: TMKC37A-T1EAZT | H46: 10nm, No PI, No Bumping，Custom IO, BSL | I46: molding, with GND Caps | K46: 4398 | L46: =E46&$L$1 | N46: =C46&$N$1
A47: TMKC37C-T1EAZT | B47: BM1393BC2 | C47: BM1393BC2 | D47: Y09BM1393C70 | E47: BM1393B | F47: Y09JY1393B20 | G47: TMKC37C-T1EAZT | H47: 10nm, No PI, No Bumping，TSMC IO, BSL | I47: molding, with GND Caps | K47: 4398 | L47: =E47&$L$1 | N47: =C47&$N$1
A48: TMKC37B-T2EAZT | B48: BM1393C2_BGM | C48: BM1393C2_BGM | D48: Y09BM1393C30 | E48: BM1393_BGM | F48: Y09JY1393130 | G48: TMKC37B-T2EAZT | H48: 10nm, No PI, No Bumping，Custom IO, BGM | I48: molding, with GND Caps | K48: 4398 | L48: =E48&$L$1 | N48: =C48&$N$1
A49: TMKC37C-T2EAZT | B49: BM1393BC2_BGM | C49: BM1393BC2_BGM | D49: Y09BM1393B60 | E49: BM1393B_BGM | F49: Y09JY1393240 | G49: TMKC37C-T2EAZT | H49: 10nm, No PI, No Bumping，TSMC IO, BGM | I49: molding, with GND Caps | K49: 4398 | L49: =E49&$L$1 | N49: =C49&$N$1
A50: TMKC37C-T1EAZT | B50: BM1393BE | C50: BM1393BE | D50: Y09BM1393310 | E50: BM1393B | F50: Y09JY1393B20 | G50: TMKC37C-T1EAZT | H50: 10nm, No PI, No Bumping，mask change | I50: molding, exposed die, without Caps | K50: 4398 | L50: =E50&$L$1 | N50: =C50&$N$1
A51: TMKC37C-T2EAZT | B51: BM1393BE_BGM | C51: BM1393BE_BGM | D51: Y09BM1393410 | E51: BM1393B_BGM | F51: Y09JY1393240 | G51: TMKC37C-T2EAZT | H51: 10nm, No PI, No Bumping，mask change | I51: molding, exposed die, without Caps | K51: 4398 | L51: =E51&$L$1 | N51: =C51&$N$1
... A53: TMHU59C-T8EAZM | B53: BM1387BL | C53: BM1387BL | D53: Y09BM1387B40 | E53: BM1387FFM | F53: Y09JY1387130 | G53: TMHU59C-T8EAZM | H53: 16nm, No PI, No Bumping，0.36V Low VT | I53: molding | K53: 5180 | L53: =E53&$L$1 | N53: =C53&$N$1
A54: TMHU59C-TAEAZP | B54: BM1387BL | C54: BM1387BL | D54: Y09BM1387B40 | E54: BM1387FFB | F54: Y09JY1387240 | G54: TMHU59C-TAEAZP | H54: 16nm, 0.36V, No PI, No Bumping | K54: 5180 | L54: =E54&$L$1 | N54: =C54&$N$1
A55: TMHU59C-TAEAZM | B55: BM1387BL | C55: BM1387BL | D55: Y09BM1387B40 | E55: BM1387FFB | F55: Y09JY1387240 | G55: TMHU59C-TAEAZM | H55: 16nm, 0.36V, No PI, No Bumping | K55: 5180 | L55: =E55&$L$1 | N55: =C55&$N$1
A56: TMKR70A-EAZM | B56: BM1762 | C56: BM1762AA | D56: Y09BM1762100 | E56: BM1762 | F56: Y09JY1762020 | G56: TMKR70A-EAZM | H56: 16nm, 0.4V, No PI, No Bumping | I56: molding，expose die,BSM,CTM IO | K56: 2897 | L56: =E56&$L$1 | M56: =L56&$O$1&G56&$O$1&H56 | N56: =C56&$N$1 | O56: =N56&$O$1&I56
A57: TMKR70A-T1EAZM | B57: BM1762 | C57: BM1762AB | D57: Y09BM1762200 | E57: BM1762FFM | F57: Y09JY1762110 | G57: TMKR70A-T1EAZM | H57: 16nm, 0.36V, No PI, No Bumping | I57: molding，expose die,BSM,CTM IO | K57: 2897 | L57: =E57&$L$1 | M57: =L57&$O$1&G57&$O$1&H57 | N57: =C57&$N$1 | O57: =N57&$O$1&I57
A58: TMKR70A-EAZM | B58: BM1762 | C58: BM1762AC | D58: Y09BM1762300 | E58: BM1762 | F58: Y09JY1762020 | G58: TMKR70A-EAZM | H58: 16nm, 0.4V, No PI, No Bumping | I58: molding, expose die,BSM,CTM IO | K58: 2897 | L58: =E58&$L$1 | M58: =L58&$O$1&G58&$O$1&H58 | N58: =C58&$N$1 | O58: =N58&$O$1&I58
A59: TMKR70A-T1EAZM | B59: BM1762 | C59: BM1762AD | D59: Y09BM1762400 | E59: BM1762FFM | F59: Y09JY1762110 | G59: TMKR70A-T1EAZM | H59: 16nm, 0.36V, No PI, No Bumping | I59: molding, expose die,BSM,CTM IO | K59: 2897 | L59: =E59&$L$1 | M59: =L59&$O$1&G59&$O$1&H59 | N59: =C59&$N$1 | O59: =N59&$O$1&I59
A60: TMKM60A-EAZM | B60: BM1487 | C60: BM1487AA | D60: Y09BM1487100 | E60: BM1487 | F60: Y09JY1487020 | G60: TMKM60A-EAZM | H60: Fab16, 12nm, No PI, No Bumping | I60: molding | K60: 2314 | L60: =E60&$L$1 | N60: =C60&$N$1
A61: TMKM60A-T1EAZM | B61: BM1487 | C61: BM1487AB | D61: Y09BM1487300 | E61: BM1487FFM | F61: Y09JY1487110 | G61: TMKM60A-T1EAZM | H61: Fab16, 16nm, No PI, No Bumping | I61: molding | K61: 2314 | L61: =E61&$L$1 | N61: =C61&$N$1
A62: TMKM60A-EAZP | B62: BM1487 | C62: BM1487AC | D62: Y09BM1487200 | E62: BM1487 | F62: Y09JY1487020 | G62: TMKM60A-EAZP | H62: Fab14, 12nm, No PI, No Bumping | I62: molding | K62: 2314 | L62: =E62&$L$1 | N62: =C62&$N$1
A63: TMKQ50A-EAZP | B63: BM1792 | C63: BM1792AA | D63: Y09BM1792100 | E63: BM1792 | F63: Y09JY1792010 | G63: TMKQ50A-EAZP | H63: Fab14, 12nm, No PI, No Bumping | I63: molding, exposed die | K63: 1027 | L63: =E63&$L$1 | N63: =C63&$N$1
A64: TMKU97A-EAZT | B64: BM1722 | C64: BM1722AA | D64: Y09BM1722A10 | E64: BM1722 | F64: Y09JY1722000 | G64: TMKU97A-EAZT | H64: Fab15, 28nm, No PI, No Bumping | I64: molding, exposed die | K64: 3151 | L64: =E64&$L$1 | N64: =C64&$N$1
A65: TMKQ50A-T1EAZP | B65: BM1792 | C65: BM1792AB | D65: Y09BM1792110 | E65: BM1792 | F65: Y09JY1792010 | G65: TMKQ50A-T1EAZP | H65: Fab14, 16nm, No PI, No Bumping | I65: molding, exposed die | K65: 1027 | L65: =E65&$L$1 | N65: =C65&$N$1
A66: TMKN68B-EAZT | B66: BM1391 | C66: BM1391AE | D66: Y09BM1391110 | E66: BM1391 | F66: Y09JY1391010 | G66: TMKN68B-EAZT | H66: Fab15, 7nm, No PI, No Bumping | I66: molding, exposed die | K66: 5620 | L66: =E66&$L$1 | N66: =C66&$N$1
A67: TMKN68C-EAZT | B67: BM1391 | C67: BM1391BE | D67: Y09BM1391210 | E67: BM1391B | F67: Y09JY1391120 | G67: TMKN68C-EAZT | H67: Fab15, 7nm, No PI, No Bumping | I67: molding, exposed die | K67: 5620 | L67: =E67&$L$1 | N67: =C67&$N$1
A68: TMKN68D-EAZT | B68: BM1391 | C68: BM1391CE | D68: Y09BM1391310 | E68: BM1391C | F68: Y09JY1391230 | G68: TMKN68D-EAZT | H68: Fab15, 7nm, No PI, No Bumping | I68: molding, exposed die | K68: 5620 | L68: =E68&$L$1 | N68: =C68&$N$1
A69: TMKN68E-EAZT | B69: BM1391 | C69: BM1391DE | D69: Y09BM1391410 | E69: BM1391D | F69: Y09JY1391340 | G69: TMKN68E-EAZT | H69: Fab15, 7nm, No PI, No Bumping | I69: molding, exposed die | K69: 5620 | L69: =E69&$L$1 | N69: =C69&$N$1
A70: TMKT19A-EAZM | B70: BM1794 | C70: BM1794AA | D70: Y09BM1794110 | E70: BM1794 | F70: Y09JY1794010 | G70: TMKT19A-EAZM | H70: Fab16, 12nm, No PI, No Bumping | I70: FC-BGA，exposed die | K70: 148 | L70: =E70&$L$1 | N70: =C70&$N$1
A71: TMKT91A-EAZT | B71: BM1880AA | C71: BM1880AA-0AC | D71: Y09BM1880110 | E71: BM1880 | F71: Y09JY1880010 | G71: TMKT91A-EAZT | H71: Fab15, 28nm, No PI, No Bumping | I71: molding， single die | K71: 2236 | L71: =E71&$L$1 | N71: =C71&$N$1
... A75: TMKT91A-EAZT | B75: BM1890AA | C75: BM1890AA-0AC | D75: Y09BM1890110 | E75: BM1880 | F75: Y09JY1880010 | G75: TMKT91A-EAZT | H75: Fab15, 28nm, No PI, No Bumping | I75: molding， single die | K75: 2236 | L75: =E75&$L$1 | N75: =C75&$N$1
A76: TMKT91A-EAZT | B76: BM1890AB | C76: BM1890AB-2AC | D76: Y09BM1890220 | E76: BM1880 | F76: Y09JY1880010 | G76: TMKT91A-EAZT | H76: Fab15, 28nm, No PI, No Bumping | I76: molding， SIP | K76: 2236 | L76: =E76&$L$1 | M76: =L76&O1&G76 | N76: =C76&$N$1 | O76: =N76&O1&I76
A77: TMHU59C-T8EAZM | B77: BM1387BF | C77: BM1387BF | D77: Y09BM138BF0E | E77: BM1387FFM | F77: Y09JY1387130 | G77: TMHU59C-T8EAZM | H77: 16nm, No PI, No Bumping，0.36V Low VT | I77: molding, exposed die | K77: 5180 | L77: =E77&$L$1 | N77: =C77&$N$1
A78: TMJW99D-EAZP | B78: BM1700D | C78: BM1700D | D78: Y09BM1700D00 | E78: BM1700D | F78: Y09JY1700D40 | G78: TMJW99D-EAZP | H78: 12nm, No PI, No Bumping, Process Optimize | I78: molding | K78: 2586 | L78: =E78&$L$1 | N78: =C78&$N$1
A79: TMJR23H-T4EAZP | B79: BM1390H | C79: BM1390H | D79: Y09BM1390H00 | E79: BM1390H | F79: Y09JY1390H30 | G79: TMJR23H-T4EAZP | H79: 12nm, No PI, No Bumping, Process Optimize | I79: molding | K79: 6058 | L79: =E79&$L$1 | N79: =C79&$N$1
A80: TMKQ50B-EAZP | B80: BM1792 | C80: BM1792BA | D80: Y09BM1792210 | E80: BM1792_16 | F80: Y09JY1792130 | G80: TMKQ50B-EAZP | H80: Fab14, 12nm, No PI, No Bumping, B version wafer | I80: molding, exposed die | K80: 1027 | L80: =E80&$L$1 | N80: =C80&$N$1
A81: TMKC37D-T2DNAEACT | B81: BM1393CE_BP | C81: BM1393CE_BP | D81: Y09BM1393710 | E81: BM1393C_BP | F81: Y09JY1393461 | G81: TMKC37D-T2DNAEACT | H81: 10nm, No PI, With Bumping，wafer RTO for yield improvement | I81: molding, exposed die, without Caps | K81: 4398 | L81: =E81&$L$1 | N81: =C81&$N$1
A82: TMKC37D-T2DNAEACT | B82: BM1393C_BP | C82: BM1393C_BP | D82: Y09BM1393720 | E82: BM1393C_BP | F82: Y09JY1393461 | G82: TMKC37D-T2DNAEACT | H82: 10nm, No PI, With Bumping，wafer RTO for yield improvement | I82: molding, without Caps | K82: 4398 | L82: =E82&$L$1 | N82: =C82&$N$1
A83: TMHU59C-T7EAZP | B83: BM1387BP | C83: BM1387BP | D83: Y09BM1387101 | E83: BM1387BP | F83: Y09JY1387360 | G83: TMHU59C-T7EAZP | H83: 16nm, No PI, No Bumping | I83: Winstek BSM package | K83: 5180 | L83: =E83&$L$1 | N83: =C83&$N$1 | O83: Dummy wafer
A84: TMHU59C-TBEAZP | B84: BM1387BE | C84: BM1387BE | D84: Y09BM138BE0E | E84: BM1387B | F84: Y09JY1387B00 | G84: TMHU59C-TBEAZP | H84: 16nm, No PI, No Bumping, process tunning 95%/94% | I84: exposed die package | K84: 5180 | L84: =E84&$L$1 | N84: =C84&$N$1
A85: TMKR70A-T2D1AEABM | B85: BM1762 | C85: BM1762AE | D85: Y09BM1762510 | E85: BM1762_2 | F85: Y09JY1762131 | G85: TMKR70A-T2D1AEABM | H85: 16nm, 0.4V, with PI, with Bumping, BSM wafer | I85: molding, expose die, no backgrind | K85: 2897 | L85: =E85&$L$1 | M85: =L85&$O$1&G85&$O$1&H85 | N85: =C85&$N$1 | O85: =N85&$O$1&I85
A86: TMKT19A-EAZM | B86: BM1794 | C86: BM1794AB | D86: Y09BM1794201 | E86: BM1794 | F86: Y09JY1794010 | G86: TMKT19A-EAZM | H86: Fab16, 12nm, No PI, No Bumping | I86: FC-BGA，exposed die, without capacitor | K86: 148 | L86: =E86&$L$1 | M86: =L86&$O$1&G86&$O$1&H86 | N86: =C86&$N$1 | O86: =N86&$O$1&I86
A87: TMLB78A-EAZM | B87: BM1860 | C87: BM1860AA | D87: Y09BM1860010 | E87: BM1860 | F87: Y09JY1860010 | G87: TMLB78A-EAZM | H87: 16nm, 0.4V, No PI, No Bumping | I87: molding, exposed die, custom IO | K87: 2391 | L87: =E87&$L$1 | M87: =L87&$O$1&G87&$O$1&H87 | N87: =C87&$N$1 | O87: =N87&$O$1&I87
A88: TMLB78A-T1EAZM | B88: BM1860 | C88: BM1860AB | D88: Y09BM1860110 | E88: BM1860FFM | F88: Y09JY1860110 | G88: TMLB78A-T1EAZM | H88: 16nm, 0.36V, No PI, No Bumping | I88: molding, exposed die, custom IO | K88: 2391 | L88: =E88&$L$1 | M88: =L88&$O$1&G88&$O$1&H88 | N88: =C88&$N$1 | O88: =N88&$O$1&I88
A89: TMLB78A-EAZM | B89: BM1860 | C89: BM1860AC | D89: Y09BM1860220 | E89: BM1860 | F89: Y09JY1860010 | G89: TMLB78A-EAZM | H89: 16nm, 0.4V, No PI, No Bumping | I89: molding, exposed die, TSMC IO | K89: 2391 | L89: =E89&$L$1 | M89: =L89&$O$1&G89&$O$1&H89 | N89: =C89&$N$1 | O89: =N89&$O$1&I89
A90: TMLB78A-T1EAZM | B90: BM1860 | C90: BM1860AD | D90: Y09BM1860320 | E90: BM1860FFM | F90: Y09JY1860110 | G90: TMLB78A-T1EAZM | H90: 16nm, 0.36V, No PI, No Bumping | I90: molding, exposed die, TSMC IO | K90: 2391 | L90: =E90&$L$1 | M90: =L90&$O$1&G90&$O$1&H90 | N90: =C90&$N$1 | O90: =N90&$O$1&I90
A91: TMHU59C-TBEAZP | B91: BM1387BM | C91: BM1387BM | D91: Y09BM1387270 | E91: BM1387B | F91: Y09JY1387B00 | G91: TMHU59C-TBEAZP | H91: 16nm, No PI, No Bumping | I91: molding, Exposed die assembly + EMI shielding layer | K91: 5180 | L91: =E91&$L$1 | M91: =L91&$O$1&G91&$O$1&H91 | N91: =C91&$N$1 | O91: =N91&$O$1&I91
A92: TMHU59C-TBEAZP | B92: BM1387BS | C92: BM1387BS | D92: Y09BM1387380 | E92: BM1387B | F92: Y09JY1387B00 | G92: TMHU59C-TBEAZP | H92: 16nm, No PI, No Bumping | I92: molding, Wafer BSM + exposed die assembly | K92: 5180 | L92: =E92&$L$1 | M92: =L92&$O$1&G92&$O$1&H92 | N92: =C92&$N$1 | O92: =N92&$O$1&I92
A93: TMKM60A-T2D6AEABP | B93: BM1487 | C93: BM1487AD | D93: Y09BM1487410 | E93: BM1487_2 | F93: Y09JY1487140 | G93: TMKM60A-T2D6AEABP | H93: Fab16, 12nm, with PI, with Bumping, BSM wafer | I93: molding, exposed die, no backgrind | K93: 2314 | L93: =E93&$L$1 | M93: =L93&$O$1&G93&$O$1&H93 | N93: =C93&$N$1 | O93: =N93&$O$1&I93
A94: TMHU59C-TBEAZP | B94: BM1387B | C94: BM1387BI | D94: Y09BM1387490 | E94: BM1387B | F94: Y09JY1387B00 | G94: TMHU59C-TBEAZP | H94: 16nm, No PI, No Bumping | I94: Over molding assembly with JCET MIS substrate | K94: 5180 | L94: =E94&$L$1 | M94: =L94&$O$1&G94&$O$1&H94 | N94: =C94&$N$1 | O94: =N94&$O$1&I94
A95: TMHU59C-T8EAZM | B95: BM1387BL | C95: BM1387BN | D95: Y09BM13875A0 | E95: BM1387FFM | F95: Y09JY1387130 | G95: TMHU59C-T8EAZM | H95: 16nm, No PI, No Bumping，0.36V Low VT | I95: molding, Exposed die assembly + EMI shielding | K95: 5180 | L95: =E95&$L$1 | M95: =L95&$O$1&G95&$O$1&H95 | N95: =C95&$N$1 | O95: =N95&$O$1&I95
A96: TMLD56A-EAZM | B96: BM1725 | C96: BM1725AA | D96: Y09BM1725000 | E96: BM1725 | F96: Y09JY1725010 | G96: TMLD56A-EAZM | H96: 16nm, 0.36V, PI, No Bumping | I96: molding, exposed die | K96: 2412 | L96: =E96&$L$1 | M96: =L96&$O$1&G96&$O$1&H96 | N96: =C96&$N$1 | O96: =N96&$O$1&I96
... A101: TMJP15_C63 | B101: BM18M0 | C101: BM18M0AA | D101: Y09BM18M0010 | E101: BM18M0 | F101: Y09JY18M0011 | G101: TMJP15_C63 | H101: 12nm, MPW, Fab14, with PI, with Bumping and back grinding | I101: Bare die, BGA 15x15 | K101: 677 | L101: =E101&$L$1 | M101: =L101&$O$1&G101&$O$1&H101 | N101: =C101&$N$1 | O101: =N101&$O$1&I101
A102: TMLD87B-EAZT | B102: BM1840 | C102: BM1840BA | D102: Y09BM1840110 | E102: BM1840B | F102: Y09JY1840110 | G102: TMLD87B-EAZT | H102: 28nm, Fab15, PI, No Bumping | I102: molding, exposed die | J102: 677 | K102: 677 | L102: =E102&$L$1 | M102: =L102&$O$1&G102&$O$1&H102 | N102: =C102&$N$1 | O102: =N102&$O$1&I102
A103: TMKC37C-T1EAZT | B103: BM1393 | C103: BM1393BM | D103: Y09BM1393810 | E103: BM1393B | F103: Y09JY1393B20 | G103: TMKC37C-T1EAZT | H103: 10nm, Fab15, No PI, No Bumping，mask change | I103: molding, exposed die, without Caps, BSM-OSAT EMI shielding | K103: 4398 | L103: =E103&$L$1 | M103: =L103&$O$1&G103&$O$1&H103 | N103: =C103&$N$1 | O103: =N103&$O$1&I103
A104: TMKC37C-T2EAZT | B104: BM1393 | C104: BM1393BM_BGM | D104: Y09BM1393910 | E104: BM1393B_BGM | F104: Y09JY1393240 | G104: TMKC37C-T2EAZT | H104: 10nm, Fab15, No PI, No Bumping，mask change | I104: molding, exposed die, without Caps, BSM-OSAT EMI shielding | K104: 4398 | L104: =E104&$L$1 | M104: =L104&$O$1&G104&$O$1&H104 | N104: =C104&$N$1 | O104: =N104&$O$1&I104
A105: TMKC37D-T2EAZT | B105: BM1393 | C105: BM1393CM_BGM | D105: Y09BM1393A10 | E105: BM1393C_BGM | F105: Y09JY1393350 | G105: TMKC37D-T2EAZT | H105: 10nm, Fab15, No PI, No Bumping，wafer RTO for yield improvement | I105: molding, exposed die, without Caps, BSM-OSAT EMI shielding | K105: 4398 | L105: =E105&$L$1 | M105: =L105&$O$1&G105&$O$1&H105 | N105: =C105&$N$1 | O105: =N105&$O$1&I105
A106: TMLF40A-EAZM | B106: BM1744 | C106: BM1744AA | D106: Y09BM1744010 | E106: BM1744 | F106: Y09JY1744010 | G106: TMLF40A-EAZM | H106: 12nm, Fab16, No PI, No Bumping | I106: Bare die, LGA 31x31 | K106: 145 | L106: =E106&$L$1 | M106: =L106&$O$1&G106&$O$1&H106 | N106: =C106&$N$1 | O106: =N106&$O$1&I106
A107: TMKN68F-EAZT | B107: BM1391A | C107: BM1391AE | D107: Y09BM1391110 | E107: BM1391 | F107: Y09JY1391050 | G107: TMKN68F-EAZT | H107: Fab15, 7nm, No PI, No Bumping | I107: molding, Exposed die assembly | K107: 5620 | L107: =E107&$L$1 | M107: =L107&$O$1&G107&$O$1&H107 | N107: =C107&$N$1 | O107: =N107&$O$1&I107
A108: TMKN68F-EAZT | B108: BM1391A | C108: BM1391AM | D108: Y09BM1391510 | E108: BM1391 | F108: Y09JY1391050 | G108: TMKN68F-EAZT | H108: Fab15, 7nm, No PI, No Bumping | I108: molding, Exposed die assembly + EMI shielding layer | K108: 5620 | L108: =E108&$L$1 | M108: =L108&$O$1&G108&$O$1&H108 | N108: =C108&$N$1 | O108: =N108&$O$1&I108
...

Sheet 2025-2026
A1: 序号 | B1: 抬头 | C1: 出货日期 | D1: 主体 | E1: 测试厂 | F1: 收货地址 | G1: 型号 | H1: 物料编码 | I1: 数量 | J1: 新PO | K1: SO | L1: 单价 | M1: 是否已出 | N1: 对比 | O1: 标记
A2: 1 | B2: chanhua | C2: 45873 | D2: 美国比特 | E2: ASECL | F2: 美国Keytronic | G2: BM1370PF | H2: =VLOOKUP(G2,编码对账表!C:D,2,0) | I2: 159600 | J2: BTD202508050011 | K2: 1155250805104924 | L2: 18.64 | M2: 是 | P2: =COUNTIF([4]Sheet1!$A:$A,K:K) | Q2: =SUMIFS([工作簿1]Sheet1!$A:$A,K:K,[工作簿1]Sheet1!$A:$A)
A3: 2 | B3: chanhua | C3: 45877 | D3: 美国比特 | E3: NJ-VT | F3: 美国Keytronic | G3: BM1370PA | H3: =VLOOKUP(G3,编码对账表!C:D,2,0) | I3: 116750 | J3: BTD202508080010 | K3: 1155250809101126 | L3: 15.96 | M3: 是 | P3: =COUNTIF([4]Sheet1!$A:$A,K:K)
A4: 3 | B4: chanhua | C4: 45877 | D4: 美国比特 | E4: ASEKH | F4: 美国Keytronic | G4: BM1370BB | H4: =VLOOKUP(G4,编码对账表!C:D,2,0) | I4: 481880 | J4: BTD202508080011 | K4: 1155250809101132 | L4: 15.96 | P4: =COUNTIF([4]Sheet1!$A:$A,K:K)
A5: 4 | B5: chanhua | C5: 45876 | D5: 新加坡比特 | E5: SPILSZ | F5: Nationgate | G5: BM1370PF | H5: =VLOOKUP(G5,编码对账表!C:D,2,0) | I5: 410400 | J5: DPT202508090010 | K5: 1403250809125617 | L5: 8.558 | P5: =COUNTIF([4]Sheet1!$A:$A,K:K)
A6: 5 | B6: chanhua | C6: 45876 | D6: 新加坡比特 | E6: NJ-VT | F6: Nationgate | G6: BM1370PF | H6: =VLOOKUP(G6,编码对账表!C:D,2,0) | I6: 5927 | J6: DPT202508090011 | K6: 1403250809125623 | L6: 8.558 | M6: 是 | P6: =COUNTIF([4]Sheet1!$A:$A,K:K)
A7: 6 | B7: chanhua | C7: 45876 | D7: 新加坡比特 | E7: JSCC | F7: Nationgate | G7: BM1370PF | H7: =VLOOKUP(G7,编码对账表!C:D,2,0) | I7: 1012 | J7: DPT202508090012 | K7: 1403250809125629 | L7: 8.558 | P7: =COUNTIF([4]Sheet1!$A:$A,K:K)
A8: 7 | B8: chanhua | C8: 45877 | D8: 新加坡比特 | E8: ASEKH | F8: PIE | G8: BM1370BB | H8: =VLOOKUP(G8,编码对账表!C:D,2,0) | I8: 95307 | J8: DPT202508090013 | K8: 1403250809125635 | L8: 8.558 | P8: =COUNTIF([4]Sheet1!$A:$A,K:K)
A9: 8 | B9: chanhua | C9: 45876 | D9: 新加坡比特 | E9: NJ-VT | F9: PIE | G9: BM1370PA | H9: =VLOOKUP(G9,编码对账表!C:D,2,0) | I9: 51976 | J9: DPT202508090014 | K9: 1403250809125642 | L9: 8.558 | M9: 是 | P9: =COUNTIF([4]Sheet1!$A:$A,K:K)
A10: 9 | B10: chanhua | C10: 45873 | D10: 新加坡比特 | E10: XJ | F10: PIE | G10: BM1370PA | H10: =VLOOKUP(G10,编码对账表!C:D,2,0) | I10: 46890 | J10: DPT202508090015 | K10: 1403250809125648 | L10: 8.558 | M10: 是 | P10: =COUNTIF([4]Sheet1!$A:$A,K:K)
A11: 10 | B11: chanhua | C11: 45876 | D11: 新加坡比特 | E11: NJ-VT | F11: 墨西哥欧陆通 | G11: BM1370PF | H11: =VLOOKUP(G11,编码对账表!C:D,2,0) | I11: 7916 | J11: DPT202508090016 | K11: 1403250809125654 | L11: 8.558 | M11: 是 | P11: =COUNTIF([4]Sheet1!$A:$A,K:K)
A12: 11 | B12: chanhua | C12: 45873 | D12: 新加坡比特 | E12: XJ | F12: 印尼奥海 | G12: BM1489 | H12: =VLOOKUP(G12,编码对账表!C:D,2,0) | I12: 175851 | J12: DPT202508090017 | K12: 1403250809125704 | L12: 5.7281 | M12: 是 | P12: =COUNTIF([4]Sheet1!$A:$A,K:K)
A13: 12 | B13: chanhua | C13: 45876 | D13: 新加坡比特 | E13: XJ | F13: 印尼奥海 | G13: BM1491AA | H13: =VLOOKUP(G13,编码对账表!C:D,2,0) | I13: 84454 | J13: DPT202508090018 | K13: 1403250809125710 | L13: 12.9574 | M13: 是 | P13: =COUNTIF([4]Sheet1!$A:$A,K:K)
A14: 13 | B14: chanhua | C14: 45876 | D14: 新加坡比特 | E14: NJ-VT | F14: 印尼奥海 | G14: BM1370PF | H14: =VLOOKUP(G14,编码对账表!C:D,2,0) | I14: 41147 | J14: DPT202508090019 | K14: 1403250809125718 | L14: 8.558 | M14: 是 | P14: =COUNTIF([4]Sheet1!$A:$A,K:K)
A15: 14 | B15: chanhua | C15: 45876 | D15: 新加坡比特 | E15: JSCC | F15: 印尼奥海 | G15: BM1370PF | H15: =VLOOKUP(G15,编码对账表!C:D,2,0) | I15: 239236 | J15: DPT202508090020 | K15: 1403250809125724 | L15: 8.558 | P15: =COUNTIF([4]Sheet1!$A:$A,K:K)
A16: 15 | B16: chanhua | C16: 45876 | D16: 新加坡比特 | E16: NJ-VT | F16: 泰国群光 | G16: BM1370PA | H16: =VLOOKUP(G16,编码对账表!C:D,2,0) | I16: 69123 | J16: DPT202508090021 | K16: 1403250809125729 | L16: 8.558 | P16: =COUNTIF([4]Sheet1!$A:$A,K:K)
A17: 16 | B17: chanhua | C17: 45876 | D17: 新加坡比特 | E17: JSCC | F17: 泰国群光 | G17: BM1370BC | H17: =VLOOKUP(G17,编码对账表!C:D,2,0) | I17: 361853 | J17: DPT202508090022 | K17: 1403250809125735 | L17: 8.558 | P17: =COUNTIF([4]Sheet1!$A:$A,K:K)
A18: 17 | B18: chanhua | C18: 45877 | D18: 新加坡比特 | E18: XJ | F18: 墨西哥欧陆通 | G18: BM1370PF | H18: =VLOOKUP(G18,编码对账表!C:D,2,0) | I18: 647262 | J18: DPT202508150010 | K18: 1403250815160147 | L18: 8.558 | M18: 是 | P18: =COUNTIF([4]Sheet1!$A:$A,K:K)
A19: 18 | B19: chanhua | C19: 45883 | D19: 新加坡比特 | E19: SPILSZ | F19: 墨西哥欧陆通 | G19: BM1370PF | H19: =VLOOKUP(G19,编码对账表!C:D,2,0) | I19: 83600 | J19: DPT202508150011 | K19: 1403250815160153 | L19: 8.558 | P19: =COUNTIF([4]Sheet1!$A:$A,K:K)
A20: 19 | B20: chanhua | C20: 45883 | D20: 新加坡比特 | E20: JSCC | F20: 墨西哥欧陆通 | G20: BM1370PF | H20: =VLOOKUP(G20,编码对账表!C:D,2,0) | I20: 180370 | J20: DPT202508150012 | K20: 1403250815160159 | L20: 8.558 | P20: =COUNTIF([4]Sheet1!$A:$A,K:K)
A21: 20 | B21: chanhua | C21: 45876 | D21: 新加坡比特 | E21: JSCC | F21: 墨西哥欧陆通 | G21: BM1370PF | H21: =VLOOKUP(G21,编码对账表!C:D,2,0) | I21: 7489 | J21: DPT202508150013 | K21: 1403250815160215 | L21: 8.558 | P21: =COUNTIF([4]Sheet1!$A:$A,K:K)
A22: 21 | B22: chanhua | C22: 45883 | D22: 新加坡比特 | E22: SPILSZ | F22: Nationgate | G22: BM1370PF | H22: =VLOOKUP(G22,编码对账表!C:D,2,0) | I22: 144400 | J22: DPT202508150014 | K22: 1403250815160218 | L22: 8.558 | P22: =COUNTIF([4]Sheet1!$A:$A,K:K)
A23: 22 | B23: chanhua | C23: 45877 | D23: 新加坡比特 | E23: XJ | F23: Nationgate | G23: BM1370PF | H23: =VLOOKUP(G23,编码对账表!C:D,2,0) | I23: 171272 | J23: DPT202508150015 | K23: 1403250815160225 | L23: 8.558 | M23: 是 | P23: =COUNTIF([4]Sheet1!$A:$A,K:K)
A24: 23 | B24: chanhua | C24: 45883 | D24: 新加坡比特 | E24: JSCC | F24: Nationgate | G24: BM1370PM | H24: =VLOOKUP(G24,编码对账表!C:D,2,0) | I24: 437574 | J24: DPT202508190011 | K24: 1403250819152208 | L24: 8.558 | P24: =COUNTIF([4]Sheet1!$A:$A,K:K)
A25: 24 | B25: chanhua | C25: 45877 | D25: 新加坡比特 | E25: XJ | F25: 泰国群光 | G25: BM1370PA | H25: =VLOOKUP(G25,编码对账表!C:D,2,0) | I25: 252557 | J25: DPT202508150017 | K25: 1403250815160240 | L25: 8.558 | M25: 是 | P25: =COUNTIF([4]Sheet1!$A:$A,K:K)
A26: 25 | B26: chanhua | C26: 45877 | D26: 新加坡比特 | E26: XJ | F26: PIE | G26: BM1370PF | H26: =VLOOKUP(G26,编码对账表!C:D,2,0) | I26: 139627 | J26: DPT202508150018 | K26: 1403250815160247 | L26: 8.558 | M26: 是 | P26: =COUNTIF([4]Sheet1!$A:$A,K:K)
A27: 26 | B27: chanhua | C27: 45883 | D27: 新加坡比特 | E27: XJ | F27: PIE | G27: BM1370PA | H27: =VLOOKUP(G27,编码对账表!C:D,2,0) | I27: 64582 | J27: DPT202508150019 | K27: 1403250815160255 | L27: 8.558 | M27: 是 | P27: =COUNTIF([4]Sheet1!$A:$A,K:K)
A28: 27 | B28: chanhua | C28: 45883 | D28: 新加坡比特 | E28: JSCC | F28: PIE | G28: BM1370PA | H28: =VLOOKUP(G28,编码对账表!C:D,2,0) | I28: 8839 | J28: DPT202508150020 | K28: 1403250815160305 | L28: 8.558 | M28: 是 | P28: =COUNTIF([4]Sheet1!$A:$A,K:K)
A29: 28 | B29: chanhua | C29: 45883 | D29: 新加坡比特 | E29: JSCC | F29: PIE | G29: BM1370AA | H29: =VLOOKUP(G29,编码对账表!C:D,2,0) | I29: 416 | J29: DPT202508150021 | K29: 1403250815160311 | L29: 8.558 | M29: 是 | P29: =COUNTIF([4]Sheet1!$A:$A,K:K)
A30: 29 | B30: chanhua | C30: 45882 | D30: 新加坡比特 | E30: XJ | F30: 印尼奥海 | G30: BM1489 | H30: =VLOOKUP(G30,编码对账表!C:D,2,0) | I30: 39622 | J30: DPT202508150022 | K30: 1403250815160319 | L30: 5.7281 | M30: 是 | P30: =COUNTIF([4]Sheet1!$A:$A,K:K)
A31: 30 | B31: chanhua | C31: 45884 | D31: 新加坡比特 | E31: XJ | F31: 墨西哥欧陆通 | G31: BM1370PF | H31: =VLOOKUP(G31,编码对账表!C:D,2,0) | I31: 5882 | J31: DPT202508170010 | K31: 1403250817145905 | L31: 8.558 | M31: 是 | P31: =COUNTIF([4]Sheet1!$A:$A,K:K)
A32: 31 | B32: chanhua | C32: 45884 | D32: 新加坡比特 | E32: XJ | F32: PIE | G32: BM1370PA | H32: =VLOOKUP(G32,编码对账表!C:D,2,0) | I32: 55491 | J32: DPT202508170011 | K32: 1403250817145912 | L32: 8.558 | M32: 是 | P32: =COUNTIF([4]Sheet1!$A:$A,K:K)
A33: 32 | B33: chanhua | C33: 45884 | D33: 新加坡比特 | E33: XJ | F33: Nationgate | G33: BM1370PF | H33: =VLOOKUP(G33,编码对账表!C:D,2,0) | I33: 305283 | J33: DPT202508170012 | K33: 1403250817145917 | L33: 8.558 | M33: 是 | P33: =COUNTIF([4]Sheet1!$A:$A,K:K)
A34: 33 | B34: chanhua | C34: 45883 | D34: 新加坡比特 | E34: ASECL | F34: PIE | G34: BM1370BC | H34: =VLOOKUP(G34,编码对账表!C:D,2,0) | I34: 34004 | J34: DPT202508180010 | K34: 1403250818163145 | L34: 8.558 | P34: =COUNTIF([4]Sheet1!$A:$A,K:K)
A35: 34 | B35: chanhua | C35: 45883 | D35: 新加坡比特 | E35: ASECL | F35: PIE | G35: BM1370PF | H35: =VLOOKUP(G35,编码对账表!C:D,2,0) | I35: 1368000 | J35: DPT202508180011 | K35: 1403250818163158 | L35: 8.558 | P35: =COUNTIF([4]Sheet1!$A:$A,K:K)
A36: 35 | B36: chanhua | C36: 45877 | D36: 新加坡比特 | E36: ASECL | F36: PIE | G36: BM1370PA | H36: =VLOOKUP(G36,编码对账表!C:D,2,0) | I36: 626 | J36: DPT202508180012 | K36: 1403250818163204 | L36: 8.558 | P36: =COUNTIF([4]Sheet1!$A:$A,K:K)
A37: 36 | B37: chanhua | C37: 45877 | D37: 新加坡比特 | E37: ASECL | F37: 墨西哥欧陆通 | G37: BM1370PF | H37: =VLOOKUP(G37,编码对账表!C:D,2,0) | I37: 406600 | J37: DPT202508180013 | K37: 1403250818163212 | L37: 8.558 | P37: =COUNTIF([4]Sheet1!$A:$A,K:K)
A38: 37 | B38: chanhua | C38: 45877 | D38: 新加坡比特 | E38: ASECL | F38: Nationgate | G38: BM1370PF | H38: =VLOOKUP(G38,编码对账表!C:D,2,0) | I38: 11400 | J38: DPT202508180014 | K38: 1403250818163217 | L38: 8.558 | P38: =COUNTIF([4]Sheet1!$A:$A,K:K)
A39: 38 | B39: chanhua | C39: 45885 | D39: 新加坡比特 | E39: NJ-VT | F39: 墨西哥欧陆通 | G39: BM1370PF | H39: =VLOOKUP(G39,编码对账表!C:D,2,0) | I39: 31861 | J39: DPT202508190012 | K39: 1403250821101609 | L39: 8.558 | M39: 是 | P39: =COUNTIF([4]Sheet1!$A:$A,K:K)
A40: 39 | B40: chanhua | C40: 45884 | D40: 新加坡比特 | E40: NJ-VT | F40: PIE | G40: BM1370BC | H40: =VLOOKUP(G40,编码对账表!C:D,2,0) | I40: 21701 | J40: DPT202508190013 | K40: 1403250821101614 | L40: 8.558 | M40: 是 | P40: =COUNTIF([4]Sheet1!$A:$A,K:K)
A41: 40 | B41: chanhua | C41: 45884 | D41: 新加坡比特 | E41: NJ-VT | F41: PIE | G41: BM1370PA | H41: =VLOOKUP(G41,编码对账表!C:D,2,0) | I41: 15494 | J41: DPT202508190014 | K41: 1403250821101620 | L41: 8.558 | P41: =COUNTIF([4]Sheet1!$A:$A,K:K)
A42: 41 | B42: chanhua | C42: 45890 | D42: 新加坡比特 | E42: SPILSZ | F42: 墨西哥欧陆通 | G42: BM1370PF | H42: =VLOOKUP(G42,编码对账表!C:D,2,0) | I42: 125400 | J42: DPT202508230010 | K42: 1403250823115622 | L42: 8.558 | P42: =COUNTIF([4]Sheet1!$A:$A,K:K)
A43: 42 | B43: chanhua | C43: 45890 | D43: 新加坡比特 | E43: SPILSZ | F43: PIE | G43: BM1370PF | H43: =VLOOKUP(G43,编码对账表!C:D,2,0) | I43: 243200 | J43: DPT202508230011 | K43: 1403250823115628 | L43: 8.558 | P43: =COUNTIF([4]Sheet1!$A:$A,K:K)
A44: 43 | B44: chanhua | C44: 45891 | D44: 新加坡比特 | E44: WX-HN | F44: PIE | G44: BM1370BC | H44: =VLOOKUP(G44,编码对账表!C:D,2,0) | I44: 284755 | J44: DPT202508230012 | K44: 1403250823115638 | L44: 8.558 | M44: 是 | P44: =COUNTIF([4]Sheet1!$A:$A,K:K)
A45: 44 | B45: chanhua | C45: 45890 | D45: 新加坡比特 | E45: SPILSZ | F45: 泰国ONET | G45: BM1370PF | H45: =VLOOKUP(G45,编码对账表!C:D,2,0) | I45: 72200 | J45: DPT202508230013 | K45: 1403250823115642 | L45: 8.558 | P45: =COUNTIF([4]Sheet1!$A:$A,K:K)
A46: 45 | B46: chanhua | C46: 45884 | D46: 新加坡比特 | E46: JSCC | F46: 墨西哥欧陆通 | G46: BM1370PF | H46: =VLOOKUP(G46,编码对账表!C:D,2,0) | I46: 36197 | J46: DPT202508230014 | K46: 1403250823201712 | L46: 8.558 | P46: =COUNTIF([4]Sheet1!$A:$A,K:K)
A47: 46 | B47: chanhua | C47: 45891 | D47: 新加坡比特 | E47: XJ | F47: 印尼奥海 | G47: BM1370PA | H47: =VLOOKUP(G47,编码对账表!C:D,2,0) | I47: 24875 | J47: DPT202508260010 | K47: 1403250826221453 | L47: 8.558 | M47: 是 | P47: =COUNTIF([4]Sheet1!$A:$A,K:K)
A48: 47 | B48: chanhua | C48: 45891 | D48: 新加坡比特 | E48: XJ | F48: PIE | G48: BM1370PF | H48: =VLOOKUP(G48,编码对账表!C:D,2,0) | I48: 6295 | J48: DPT202508260011 | K48: 1403250826221459 | L48: 8.558 | P48: =COUNTIF([4]Sheet1!$A:$A,K:K)
A49: 48 | B49: chanhua | C49: 45897 | D49: 新加坡比特 | E49: ASECL | F49: 泰国群光 | G49: BM1370PF | H49: =VLOOKUP(G49,编码对账表!C:D,2,0) | I49: 140600 | J49: DPT202508290010 | K49: 1403250829183912 | L49: 8.558 | P49: =COUNTIF([4]Sheet1!$A:$A,K:K)
A50: 49 | B50: chanhua | C50: 45897 | D50: 新加坡比特 | E50: SPILSZ | F50: 泰国群光 | G50: BM1370PF | H50: =VLOOKUP(G50,编码对账表!C:D,2,0) | I50: 26600 | J50: DPT202508290011 | K50: 1403250829183924 | L50: 8.558 | P50: =COUNTIF([4]Sheet1!$A:$A,K:K)
A51: 50 | B51: chanhua | C51: 45897 | D51: 新加坡比特 | E51: SPILSZ | F51: 墨西哥欧陆通 | G51: BM1370PF | H51: =VLOOKUP(G51,编码对账表!C:D,2,0) | I51: 220100 | J51: DPT202508290012 | K51: 1403250829183930 | L51: 8.558 | P51: =COUNTIF([4]Sheet1!$A:$A,K:K)
A52: 51 | B52: chanhua | C52: 45897 | D52: 新加坡比特 | E52: JSCC | F52: 墨西哥欧陆通 | G52: BM1370PF | H52: =VLOOKUP(G52,编码对账表!C:D,2,0) | I52: 21025 | J52: DPT202508290013 | K52: 1403250829183937 | L52: 8.558 | P52: =COUNTIF([4]Sheet1!$A:$A,K:K)
A53: 52 | B53: chanhua | C53: 45897 | D53: 新加坡比特 | E53: WX-HN | F53: 墨西哥欧陆通 | G53: BM1370PF | H53: =VLOOKUP(G53,编码对账表!C:D,2,0) | I53: 61697 | J53: DPT202508290014 | K53: 1403250829183942 | L53: 8.558 | P53: =COUNTIF([4]Sheet1!$A:$A,K:K)
A54: 53 | B54: chanhua | C54: 45897 | D54: 新加坡比特 | E54: JSCC | F54: 印尼奥海 | G54: BM1370BC | H54: =VLOOKUP(G54,编码对账表!C:D,2,0) | I54: 2844 | J54: DPT202508290015 | K54: 1403250829183947 | L54: 8.558 | P54: =COUNTIF([4]Sheet1!$A:$A,K:K)
A55: 54 | B55: chanhua | C55: 45896 | D55: 新加坡比特 | E55: ASECL | F55: 墨西哥欧陆通 | G55: BM1370PF | H55: =VLOOKUP(G55,编码对账表!C:D,2,0) | I55: 353400 | J55: DPT202508290016 | K55: 1403250829183954 | L55: 8.558 | P55: =COUNTIF([4]Sheet1!$A:$A,K:K)
A56: 55 | B56: chanhua | C56: 45890 | D56: 新加坡比特 | E56: ASECL | F56: PIE | G56: BM1370PF | H56: =VLOOKUP(G56,编码对账表!C:D,2,0) | I56: 326800 | J56: DPT202508290017 | K56: 1403250829183959 | L56: 8.558 | P56: =COUNTIF([4]Sheet1!$A:$A,K:K)
A57: 56 | B57: chanhua | C57: 45890 | D57: 新加坡比特 | E57: ASECL | F57: 泰国ONET | G57: BM1370PF | H57: =VLOOKUP(G57,编码对账表!C:D,2,0) | I57: 49400 | J57: DPT202508290018 | K57: 1403250829184004 | L57: 8.558 | P57: =COUNTIF([4]Sheet1!$A:$A,K:K)
A58: 57 | B58: chanhua | C58: 45897 | D58: 新加坡比特 | E58: NJ-VT | F58: 印尼奥海 | G58: BM1370BC | H58: =VLOOKUP(G58,编码对账表!C:D,2,0) | I58: 88348 | J58: DPT202508290019 | K58: 1403250829184010 | L58: 8.558 | M58: 是 | P58: =COUNTIF([4]Sheet1!$A:$A,K:K)
A59: 58 | B59: chanhua | C59: 45898 | D59: DPT | F59: PIE | G59: BM2460 | H59: Y30090506 | I59: 1 | J59: CHH202508300011 | L59: 18746 | P59: =COUNTIF([4]Sheet1!$A:$A,K:K)
A60: 1 | B60: chanhua | C60: 45903 | D60: 新加坡比特 | E60: JSCC | F60: Nationgate | G60: BM1370PF | H60: =VLOOKUP(G60,编码对账表!C:D,2,0) | I60: 2885 | J60: DPT202509040010 | K60: 1403250904203332 | L60: 8.558 | P60: =COUNTIF([4]Sheet1!$A:$A,K:K)
A61: 2 | B61: chanhua | C61: 45903 | D61: 新加坡比特 | E61: XJ | F61: 墨西哥欧陆通 | G61: BM1370PF | H61: =VLOOKUP(G61,编码对账表!C:D,2,0) | I61: 315425 | J61: DPT202509040011 | K61: 1403250904203340 | L61: 8.558 | P61: =COUNTIF([4]Sheet1!$A:$A,K:K)
A62: 3 | B62: chanhua | C62: 45904 | D62: 新加坡比特 | E62: SPILSZ | F62: 墨西哥欧陆通 | G62: BM1370PF | H62: =VLOOKUP(G62,编码对账表!C:D,2,0) | I62: 475000 | J62: DPT202509040012 | K62: 1403250904203346 | L62: 8.558 | P62: =COUNTIF([4]Sheet1!$A:$A,K:K)
A63: 4 | B63: chanhua | C63: 45903 | D63: 新加坡比特 | E63: JSCC | F63: 泰国ONETEC | G63: BM1370PM | H63: =VLOOKUP(G63,编码对账表!C:D,2,0) | I63: 123215 | J63: DPT202509040013 | K63: 1403250904203401 | L63: 8.558 | P63: =COUNTIF([4]Sheet1!$A:$A,K:K)
A64: 5 | B64: chanhua | C64: 45904 | D64: 新加坡比特 | E64: SPILSZ | F64: 泰国群光 | G64: BM1370PF | H64: =VLOOKUP(G64,编码对账表!C:D,2,0) | I64: 463600 | J64: DPT202509040014 | K64: 1403250904203408 | L64: 8.558 | P64: =COUNTIF([4]Sheet1!$A:$A,K:K)
A65: 6 | B65: chanhua | C65: 45897 | D65: 新加坡比特 | E65: ASE-KH | F65: 印尼奥海 | G65: BM1370BC | H65: =VLOOKUP(G65,编码对账表!C:D,2,0) | I65: 22664 | J65: DPT202509040015 | K65: 1403250904203417 | L65: 8.558 | P65: =COUNTIF([4]Sheet1!$A:$A,K:K)
A66: 7 | B66: chanhua | C66: 45900 | D66: 新加坡比特 | E66: XJ | F66: 印尼奥海 | G66: BM1370PA | H66: =VLOOKUP(G66,编码对账表!C:D,2,0) | I66: 9613 | J66: DPT202509040016 | K66: 1403250904203419 | L66: 8.558 | M66: 是 | P66: =COUNTIF([4]Sheet1!$A:$A,K:K)
A67: 8 | B67: 新加坡比特 | C67: 45911 | D67: chanhua | F67: SPILSZ | G67: BM1493 | H67: Y31030503 | I67: 480 | J67: CHH202509110010 | K67: 1155202509110001 | L67: 25.3022 | P67: =COUNTIF([4]Sheet1!$A:$A,K:K)
A68: 9 | B68: chanhua | C68: 45904 | D68: 新加坡比特 | E68: ASECL | F68: Nationgate | G68: BM1370PF | H68: =VLOOKUP(G68,编码对账表!C:D,2,0) | I68: 300200 | J68: BTD202509090020 | K68: 1155250909182839 | L68: 13.69 | P68: =COUNTIF([4]Sheet1!$A:$A,K:K)
A69: 10 | B69: chanhua | C69: 45904 | D69: 新加坡比特 | E69: ASECL | F69: PIE | G69: BM1370PF | H69: =VLOOKUP(G69,编码对账表!C:D,2,0) | I69: 805600 | J69: DPT202509040021 | K69: 1403250913164357 | L69: 10.0037 | P69: =COUNTIF([4]Sheet1!$A:$A,K:K)
A70: 11 | B70: chanhua | C70: 45905 | D70: 新加坡比特 | E70: JSCC | F70: 泰国ONETEC | G70: BM1370PF | H70: =VLOOKUP(G70,编码对账表!C:D,2,0) | I70: 62069 | J70: DPT202509050010 | K70: 1403250913164404 | L70: 10.0037 | P70: =COUNTIF([4]Sheet1!$A:$A,K:K)
A71: 12 | B71: chanhua | C71: 45906 | D71: 新加坡比特 | E71: NJ-VT | F71: 泰国群光 | G71: BM1370PF | H71: =VLOOKUP(G71,编码对账表!C:D,2,0) | I71: 98396 | J71: DPT202509060010 | K71: 1403250913164412 | L71: 10.0037 | P71: =COUNTIF([4]Sheet1!$A:$A,K:K)
A72: 13 | B72: chanhua | C72: 45908 | D72: 新加坡比特 | E72: JSCC | F72: 泰国ONETEC | G72: BM1370PF | H72: =VLOOKUP(G72,编码对账表!C:D,2,0) | I72: 145474 | J72: DPT202509080010 | K72: 1403250913164421 | L72: 10.0037 | P72: =COUNTIF([4]Sheet1!$A:$A,K:K)
A73: 14 | B73: chanhua | C73: 45909 | D73: 新加坡比特 | E73: SPILSZ | F73: Nationgate | G73: BM1370PF | H73: =VLOOKUP(G73,编码对账表!C:D,2,0) | I73: 619400 | J73: DPT202509090010 | K73: 1403250913164430 | L73: 10.0037 | P73: =COUNTIF([4]Sheet1!$A:$A,K:K)
A74: 15 | B74: chanhua | C74: 45909 | D74: 新加坡比特 | E74: SPILSZ | F74: 泰国群光 | G74: BM1370PF | H74: =VLOOKUP(G74,编码对账表!C:D,2,0) | I74: 269800 | J74: DPT202509090011 | K74: 1403250913164439 | L74: 10.0037 | P74: =COUNTIF([4]Sheet1!$A:$A,K:K)
A75: 16 | B75: chanhua | C75: 45909 | D75: 新加坡比特 | E75: XJ | F75: Nationgate | G75: BM1370PF | H75: =VLOOKUP(G75,编码对账表!C:D,2,0) | I75: 14434 | J75: DPT202509090012 | K75: 1403250913164447 | L75: 10.0037 | P75: =COUNTIF([4]Sheet1!$A:$A,K:K)
A76: 17 | B76: chanhua | C76: 45909 | D76: 新加坡比特 | E76: XJ | F76: PIE | G76: BM1370PF | H76: =VLOOKUP(G76,编码对账表!C:D,2,0) | I76: 202659 | J76: DPT202509090013 | K76: 1403250913164454 | L76: 10.0037 | P76: =COUNTIF([4]Sheet1!$A:$A,K:K)
A77: 18 | B77: chanhua | C77: 45909 | D77: 新加坡比特 | E77: XJ | F77: 泰国ONETEC | G77: BM1370PF | H77: =VLOOKUP(G77,编码对账表!C:D,2,0) | I77: 531462 | J77: DPT202509090014 | K77: 1403250913164502 | L77: 10.0037 | P77: =COUNTIF([4]Sheet1!$A:$A,K:K)
A78: 19 | B78: chanhua | C78: 45909 | D78: 新加坡比特 | E78: XJ | F78: 泰国群光 | G78: BM1370PF | H78: =VLOOKUP(G78,编码对账表!C:D,2,0) | I78: 240000 | J78: DPT202509090015 | K78: 1403250913164509 | L78: 10.0037 | P78: =COUNTIF([4]Sheet1!$A:$A,K:K)
A79: 20 | B79: chanhua | C79: 45911 | D79: 新加坡比特 | E79: SPILSZ | F79: PIE | G79: BM1370PF | H79: =VLOOKUP(G79,编码对账表!C:D,2,0) | I79: 22800 | J79: DPT202509110010 | K79: 1403250913164517 | L79: 10.0037 | P79: =COUNTIF([4]Sheet1!$A:$A,K:K)
... A84: 25 | B84: chanhua | C84: 45920 | D84: 美国比特 | E84: ASECL | F84: 美国Keytronic | G84: BM1370PF | H84: =VLOOKUP(G84,编码对账表!C:D,2,0) | I84: 418000 | J84: BTD202509200011 | K84: 1155250922195444 | L84: 13.69 | P84: =COUNTIF([4]Sheet1!$A:$A,K:K)
A85: 26 | B85: chanhua | C85: 45920 | D85: 美国比特 | E85: WX-HN | F85: 美国Keytronic | G85: BM1370PF | H85: =VLOOKUP(G85,编码对账表!C:D,2,0) | I85: 277077 | J85: BTD202509200010 | K85: 1155250922195435 | L85: 13.69 | M85: 是 | P85: =COUNTIF([4]Sheet1!$A:$A,K:K)
A86: 27 | B86: chanhua | C86: 45924 | D86: 美国比特 | E86: XJ | F86: 美国Keytronic | G86: BM1370PF | H86: =VLOOKUP(G86,编码对账表!C:D,2,0) | I86: 167126 | J86: BTD202509240010 | K86: 1155250924113926 | L86: 13.69 | P86: =COUNTIF([4]Sheet1!$A:$A,K:K)
A87: 28 | B87: chanhua | C87: 45912 | D87: 新加坡比特 | E87: ASECL | F87: 墨西哥欧陆通 | G87: BM1370PF | H87: =VLOOKUP(G87,编码对账表!C:D,2,0) | I87: 676400 | J87: DPT202509240010 | K87: 1403250924203337 | L87: 10.0037 | P87: =COUNTIF([4]Sheet1!$A:$A,K:K)
A88: 29 | B88: chanhua | C88: 45921 | D88: 新加坡比特 | E88: SPILSZ | F88: PIE | G88: BM1370PF | H88: =VLOOKUP(G88,编码对账表!C:D,2,0) | I88: 181861 | J88: DPT202509260010 | K88: 1403250926160145 | L88: 10.0037 | P88: =COUNTIF([4]Sheet1!$A:$A,K:K)
A89: 30 | B89: chanhua | C89: 45914 | D89: 新加坡比特 | E89: XJ | F89: 泰国ONETEC | G89: BM1370PF | H89: =VLOOKUP(G89,编码对账表!C:D,2,0) | I89: 931177 | J89: DPT202509260011 | K89: ’1403250926160155 | L89: 10.0037 | P89: =COUNTIF([4]Sheet1!$A:$A,K:K)
A90: 31 | B90: chanhua | C90: 45909 | D90: 新加坡比特 | E90: ASECL | F90: 泰国群光 | G90: BM1370PF | H90: =VLOOKUP(G90,编码对账表!C:D,2,0) | I90: 220400 | J90: DPT202509260012 | K90: 1403250926160203 | L90: 10.0037 | P90: =COUNTIF([4]Sheet1!$A:$A,K:K)
A91: 32 | B91: chanhua | C91: 45912 | D91: 新加坡比特 | E91: JSCC | F91: 泰国群光 | G91: BM1370PF | H91: =VLOOKUP(G91,编码对账表!C:D,2,0) | I91: 181955 | J91: DPT202509260013 | K91: ’1403250926160208 | L91: 10.0037 | P91: =COUNTIF([4]Sheet1!$A:$A,K:K)
A92: 33 | B92: chanhua | C92: 45914 | D92: 新加坡比特 | E92: SPILSZ | F92: 泰国群光 | G92: BM1370PF | H92: =VLOOKUP(G92,编码对账表!C:D,2,0) | I92: 808330 | J92: DPT202509260014 | K92: 1403250926160213 | L92: 10.0037 | P92: =COUNTIF([4]Sheet1!$A:$A,K:K)
A93: 34 | B93: chanhua | C93: 45914 | D93: 新加坡比特 | E93: NJ-VT | F93: 泰国群光 | G93: BM1370PF | H93: =VLOOKUP(G93,编码对账表!C:D,2,0) | I93: 118110 | J93: DPT202509260015 | K93: ’1403250926160220 | L93: 10.0037 | P93: =COUNTIF([4]Sheet1!$A:$A,K:K)
A94: 35 | B94: chanhua | C94: 45914 | D94: 新加坡比特 | E94: WX-HN | F94: 泰国群光 | G94: BM1370PF | H94: =VLOOKUP(G94,编码对账表!C:D,2,0) | I94: 32126 | J94: 202509221035552748 | K94: 202509221035552748 | L94: 10.0037 | P94: =COUNTIF([4]Sheet1!$A:$A,K:K)
A95: 36 | B95: chanhua | C95: 45926 | D95: 新加坡比特 | E95: ASECL | F95: PIE | G95: BM1370BC | H95: Y31010527 | I95: 36723 | J95: DPT202509260021 | K95: 1403251003133416 | L95: 10.0037 | P95: =COUNTIF([4]Sheet1!$A:$A,K:K)
A96: 37 | B96: chanhua | C96: 45926 | D96: 新加坡比特 | E96: ASECL | F96: PIE | G96: BM1370PA | H96: Y31010530 | I96: 183308 | J96: DPT202509260022 | K96: 1403251003133424 | L96: 10.0037 | P96: =COUNTIF([4]Sheet1!$A:$A,K:K)
A97: 38 | B97: chanhua | C97: 45926 | D97: 新加坡比特 | E97: ASECL | F97: PIE | G97: BM1370PF | H97: Y31010536 | I97: 64600 | J97: DPT202509260023 | K97: 1403251003133427 | L97: 10.0037 | P97: =COUNTIF([4]Sheet1!$A:$A,K:K)
A98: 39 | B98: chanhua | C98: 45926 | D98: 新加坡比特 | E98: ASECL | F98: 印尼奥海 | G98: BM1370PA | H98: Y31010530 | I98: 38000 | J98: DPT202509260024 | K98: 1403251003133434 | L98: 10.0037 | P98: =COUNTIF([4]Sheet1!$A:$A,K:K)
A99: 40 | B99: chanhua | C99: 45926 | D99: 新加坡比特 | E99: JSCC | F99: PIE | G99: BM1370BC | H99: Y31010527 | I99: 110703 | J99: DPT202509260025 | K99: 1403251003133440 | L99: 10.0037 | P99: =COUNTIF([4]Sheet1!$A:$A,K:K)
A100: 41 | B100: chanhua | C100: 45926 | D100: 新加坡比特 | E100: JSCC | F100: PIE | G100: BM1370PF | H100: Y31010536 | I100: 47801 | J100: DPT202509260026 | K100: 1403251003133451 | L100: 10.0037 | P100: =COUNTIF([4]Sheet1!$A:$A,K:K)
A101: 42 | B101: chanhua | C101: 45926 | D101: 新加坡比特 | E101: JSCC | F101: 泰国ONETEC | G101: BM1370PM | H101: Y31010533 | I101: 251467 | J101: DPT202509260027 | K101: 1403251003133458 | L101: 8.558 | P101: =COUNTIF([4]Sheet1!$A:$A,K:K)
A102: 43 | B102: chanhua | C102: 45926 | D102: 新加坡比特 | E102: JSCC | F102: 印尼奥海 | G102: BM1370PA | H102: Y31010530 | I102: 60561 | J102: DPT202509260028 | K102: 1403251003133504 | L102: 10.0037 | P102: =COUNTIF([4]Sheet1!$A:$A,K:K)
A103: 44 | B103: chanhua | C103: 45926 | D103: 新加坡比特 | E103: SPILSZ | F103: MOLT | G103: BM1370PF | H103: Y31010536 | I103: 858800 | J103: DPT202509260029 | K103: 1403251003133511 | L103: 10.0037 | P103: =COUNTIF([4]Sheet1!$A:$A,K:K)
A104: 45 | B104: chanhua | C104: 45926 | D104: 新加坡比特 | E104: SPILSZ | F104: PIE | G104: BM1370PF | H104: Y31010536 | I104: 106400 | J104: DPT202509260031 | K104: 1403251003133517 | L104: 10.0037 | P104: =COUNTIF([4]Sheet1!$A:$A,K:K)
...

Sheet 芯片退运SO
A1: 序号 | B1: 芯片主体 | C1: 出货日期 | D1: 退料外协主体 | E1: 退运测试厂 | F1: 型号 | G1: 物料编码 | H1: 数量 | I1: RMA SO | J1: 退料外协 | K1: 单价 | L1: 退运PO | M1: 退运涉及SO
A2: 1 | B2: chanhua | C2: 45397 | D2: 香港比特 | E2: XJ | F2: BM1368AA | G2: =VLOOKUP(F2,编码对账表!C:D,2,0) | H2: 1064167 | I2: 140302404151100 | J2: 印尼奥海 | K2: 5.428
A3: 2 | B3: chanhua | C3: 45432 | D3: 香港比特 | E3: NJVT | F3: BM1368PV | G3: =VLOOKUP(F3,编码对账表!C:D,2,0) | H3: 192575 | I3: 140302405201100 | J3: 泰国益权 | K3: 4.3949
A4: 3 | B4: chanhua | C4: 45432 | D4: 香港比特 | E4: NJVT | F4: BM1368PB | G4: =VLOOKUP(F4,编码对账表!C:D,2,0) | H4: 479384 | I4: 140302405201101 | J4: 泰国益权 | K4: 4.3949
A5: 4 | B5: chanhua | C5: 45432 | D5: 香港比特 | E5: NJVT | F5: BM1368PB | G5: =VLOOKUP(F5,编码对账表!C:D,2,0) | H5: 9426 | I5: 140302405201102 | J5: 印尼奥海 | K5: 4.3949
A6: 5 | B6: chanhua | C6: 45432 | D6: 香港比特 | E6: WX-HN | F6: BM1368PB | G6: =VLOOKUP(F6,编码对账表!C:D,2,0) | H6: 1623 | I6: 140302405201102 | J6: 印尼奥海 | K6: 4.3949
A7: 6 | B7: chanhua | C7: 45432 | D7: 香港比特 | E7: XJ | F7: BM1368PB | G7: =VLOOKUP(F7,编码对账表!C:D,2,0) | H7: 155396 | I7: 140302405201102 | J7: 印尼奥海 | K7: 4.3949
A8: 7 | B8: chanhua | C8: 45432 | D8: 香港比特 | E8: XJ | F8: BM1366BP | G8: =VLOOKUP(F8,编码对账表!C:D,2,0) | H8: 15139 | I8: 140302405201103 | J8: 印尼奥海 | K8: 4.07
A9: 8 | B9: chanhua | C9: 45432 | D9: 香港比特 | E9: NJVT | F9: BM1368PV | G9: =VLOOKUP(F9,编码对账表!C:D,2,0) | H9: 268 | I9: 140302405201104 | J9: 印尼奥海 | K9: 4.3949
A10: 9 | B10: chanhua | C10: 45432 | D10: 香港比特 | E10: WX-HN | F10: BM1368PV | G10: =VLOOKUP(F10,编码对账表!C:D,2,0) | H10: 3693 | I10: 140302405201104 | J10: 印尼奥海 | K10: 4.3949
A11: 10 | B11: chanhua | C11: 45432 | D11: 香港比特 | E11: XJ | F11: BM1368PV | G11: =VLOOKUP(F11,编码对账表!C:D,2,0) | H11: 72 | I11: 140302405201104 | J11: 印尼奥海 | K11: 4.3949
A12: 11 | B12: chanhua | C12: 45449 | D12: 香港比特 | E12: 4 | F12: BM1368PV | G12: =VLOOKUP(F12,编码对账表!C:D,2,0) | H12: 3888 | I12: 140302406061100 | J12: 泰国群光 | K12: 4.3949
A13: 12 | B13: chanhua | C13: 45449 | D13: 香港比特 | E13: XJ | F13: BM1368AA | G13: =VLOOKUP(F13,编码对账表!C:D,2,0) | H13: 38433 | I13: 140302406061101 | J13: 泰国群光 | K13: 5.428
A14: 13 | B14: chanhua | C14: 45449 | D14: 香港比特 | E14: WX-HN | F14: BM1368AA | G14: =VLOOKUP(F14,编码对账表!C:D,2,0) | H14: 405432 | I14: 140302406061102 | J14: 泰国群光 | K14: 5.428
A15: 14 | B15: chanhua | C15: 45519 | D15: 香港比特 | E15: XJ | F15: BM1368PB | G15: =VLOOKUP(F15,编码对账表!C:D,2,0) | H15: 812944 | I15: 140302409051101 | J15: 泰国益权 | K15: 4.3949
A16: 15 | B16: chanhua | C16: 45519 | D16: 香港比特 | E16: XJ | F16: BM1368PV | G16: =VLOOKUP(F16,编码对账表!C:D,2,0) | H16: 128705 | I16: 140302409051101 | J16: 泰国益权 | K16: 4.3949
A17: 16 | B17: chanhua | C17: 45523 | D17: 香港比特 | E17: WX-HN | F17: BM1368AA | G17: =VLOOKUP(F17,编码对账表!C:D,2,0) | H17: 16533 | I17: 140302409051102 | J17: 印尼奥海 | K17: 5.428 | L17: HKK202403210004
A18: 17 | B18: chanhua | C18: 45523 | D18: 香港比特 | E18: WX-HN | F18: BM1368PB | G18: =VLOOKUP(F18,编码对账表!C:D,2,0) | H18: 111954 | I18: 140302409051102 | J18: 印尼奥海 | K18: 4.3949 | L18: HKK202403130004
A19: 18 | B19: chanhua | C19: 45523 | D19: 香港比特 | E19: WX-HN | F19: BM1368PV | G19: =VLOOKUP(F19,编码对账表!C:D,2,0) | H19: =1251958-H20 | I19: 140302409051102 | J19: 印尼奥海 | K19: 4.3949 | L19: HKK202403210005
A20: 19 | B20: chanhua | C20: 45523 | D20: 香港比特 | E20: WX-HN | F20: BM1368PV | G20: =VLOOKUP(F20,编码对账表!C:D,2,0) | H20: 1157230 | I20: 140302409051102 | J20: 印尼奥海 | K20: 4.3874374 | L20: HKK202405080002
A21: 20 | B21: chanhua | C21: 45579 | D21: 新加坡比特 | E21: XJ | F21: BM1368AA | G21: =VLOOKUP(F21,编码对账表!C:D,2,0) | H21: 75288 | I21: 140302410161101 | J21: SMTT | K21: 5.428 | L21: 202403280002
A22: 21 | B22: chanhua | C22: 45582 | D22: 新加坡比特 | E22: WX-HN | F22: BM1368AA | G22: =VLOOKUP(F22,编码对账表!C:D,2,0) | H22: 41265 | I22: 140302410171102 | J22: Nationgate | K22: 5.428 | L22: 202403260001 | M22: 1403240326092230/退WXHN
A23: 22 | B23: chanhua | C23: 45582 | D23: 新加坡比特 | E23: WX-HN | F23: BM1368PB | G23: =VLOOKUP(F23,编码对账表!C:D,2,0) | H23: 284744 | I23: 140302410171102 | J23: Nationgate | K23: 4.3949 | L23: 202403260001 | M23: 1403240326092230/退WXHN
A24: 23 | B24: chanhua | C24: 45582 | D24: 新加坡比特 | E24: WX-HN | F24: BM1368PV | G24: =VLOOKUP(F24,编码对账表!C:D,2,0) | H24: 1206000 | I24: 140302410171103 | J24: Nationgate | K24: 4.3874 | L24: 202405280002 | M24: 1403240528155505/退WXHN
A25: 24 | B25: chanhua | C25: 45582 | D25: 香港比特 | E25: ASECL | F25: BM1370PA | G25: =VLOOKUP(F25,编码对账表!C:D,2,0) | H25: 220401 | I25: 140302410172010 | J25: 泰国群光 | K25: 8.5529 | L25: HKK202409020005 | M25: 140302409041016/退ASECL
A26: 25 | B26: chanhua | C26: 45588 | D26: 新加坡比特 | E26: WX-HN | F26: BM1368PV | G26: =VLOOKUP(F26,编码对账表!C:D,2,0) | H26: 173324 | I26: 140302410252010 | J26: PIE | K26: 4.3949 | L26: 202404180003 | M26: 1403240418121954/退WXHN
A27: 26 | B27: chanhua | C27: 45588 | D27: 新加坡比特 | E27: WX-HN | F27: BM1368AA | G27: =VLOOKUP(F27,编码对账表!C:D,2,0) | H27: 43153 | I27: 140302410252011 | J27: PIE | K27: 5.428 | L27: 202403140014 | M27: 1403240314144336/退WXHN
A28: 27 | B28: chanhua | C28: 45626 | D28: 新加坡比特 | E28: XJ | F28: BM1368PB | G28: =VLOOKUP(F28,编码对账表!C:D,2,0) | H28: 138263 | I28: 14032024121913541 | J28: PIE | K28: 4.3949 | L28: 202404050002 | M28: 1403240405092603/退XJ
A29: 28 | B29: chanhua | C29: 45626 | D29: 新加坡比特 | E29: XJ | F29: BM1368PV | G29: =VLOOKUP(F29,编码对账表!C:D,2,0) | H29: 376715 | I29: 14032024121913561 | J29: PIE | K29: 4.3874 | L29: 202405280003 | M29: 1403240528160113/退XJ
A30: 29 | B30: chanhua | C30: 45657 | D30: 新加坡比特 | E30: XJ | F30: BM1368PB | G30: =VLOOKUP(F30,编码对账表!C:D,2,0) | H30: 4085 | I30: 1403202412319001 | J30: 泰国ONETEC | K30: 4.3949 | L30: 202403210005
A31: 30 | B31: chanhua | C31: 45657 | D31: 新加坡比特 | E31: XJ | F31: BM1368PV | G31: =VLOOKUP(F31,编码对账表!C:D,2,0) | H31: 259114 | I31: 1403202412319001 | J31: 泰国ONETEC | K31: 4.3949 | L31: 202403210005
A32: 31 | B32: chanhua | C32: 45681 | D32: 香港比特 | E32: XJ | F32: BM1368AA | G32: =VLOOKUP(F32,编码对账表!C:D,2,0) | H32: 1390990 | I32: 1403202501249001 | J32: 印尼奥海 | K32: 5.4151 | L32: HKK202411110011
A33: 32 | B33: chanhua | C33: 45710 | D33: 新加坡比特 | E33: XJ | F33: BM1368PB | G33: =VLOOKUP(F33,编码对账表!C:D,2,0) | H33: 7757 | I33: 1403202502229001 | J33: Nationgate | K33: 4.3874 | L33: 1403240528155505
A34: 33 | B34: chanhua | C34: 45710 | D34: 新加坡比特 | E34: XJ | F34: BM1368PB | G34: =VLOOKUP(F34,编码对账表!C:D,2,0) | H34: 663500 | I34: 1403202502229003 | J34: Nationgate | K34: 4.3874 | L34: 1403240528155505
A35: 34 | B35: chanhua | C35: 45710 | D35: 新加坡比特 | E35: XJ | F35: BM1368PV | G35: =VLOOKUP(F35,编码对账表!C:D,2,0) | H35: 9980 | I35: 1403202502229003 | J35: Nationgate | K35: 4.3874 | L35: 1403240528155505
A36: 35 | B36: chanhua | C36: 45710 | D36: 新加坡比特 | E36: XJ | F36: BM1491AA | G36: =VLOOKUP(F36,编码对账表!C:D,2,0) | H36: 1832 | I36: 1403202502249001 | J36: 印尼奥海 | K36: 11.0314 | L36: 1403250124154453
A37: 36 | B37: chanhua | C37: 45750 | D37: 新加坡比特 | E37: XJ | F37: BM1368AA | G37: =VLOOKUP(F37,编码对账表!C:D,2,0) | H37: =287648-126058-H39 | I37: 1403202504141713 | J37: 印尼奥海 | K37: 5.4151 | L37: HKK202411110011
A38: 37 | B38: chanhua | C38: 45750 | D38: 新加坡比特 | E38: XJ | F38: BM1368PA | G38: =VLOOKUP(F38,编码对账表!C:D,2,0) | H38: =544936-H40 | I38: 1403202504141713 | J38: 印尼奥海 | K38: 4.3874374 | L38: HKK202406060002
A39: 36 | B39: chanhua | C39: 45750 | D39: 新加坡比特 | E39: XJ | F39: BM1368AA | G39: =VLOOKUP(F39,编码对账表!C:D,2,0) | H39: 158303 | I39: 1403202504141818 | J39: 印尼奥海 | K39: 5.4151 | L39: 202410127010
A40: 38 | B40: chanhua | C40: 45750 | D40: 新加坡比特 | E40: XJ | F40: BM1368PA | G40: =VLOOKUP(F40,编码对账表!C:D,2,0) | H40: 537405 | I40: 1403202504141818 | J40: 印尼奥海 | K40: 4.382 | L40: 202410127010
A41: 39 | B41: chanhua | C41: 45750 | D41: 新加坡比特 | E41: XJ | F41: BM1368PB | G41: =VLOOKUP(F41,编码对账表!C:D,2,0) | H41: 145414 | I41: 1403202504141818 | J41: 印尼奥海 | K41: 4.382 | L41: 202410127010
A42: 40 | B42: chanhua | C42: 45750 | D42: 新加坡比特 | E42: XJ | F42: BM1368PV | G42: =VLOOKUP(F42,编码对账表!C:D,2,0) | H42: 313739 | I42: 1403202504141818 | J42: 印尼奥海 | K42: 4.382 | L42: 202410127010
A43: 41 | B43: chanhua | C43: 45723 | D43: 新加坡比特 | E43: JSCC | F43: BM1370PA | G43: =VLOOKUP(F43,编码对账表!C:D,2,0) | H43: 379398 | I43: 14032508191654 | J43: 泰国群光 | L43: 202503070013 | M43: 1403250307111402
A44: 42 | B44: chanhua | C44: 45804 | D44: 新加坡比特 | E44: ASECL | F44: BM1370PA | G44: =VLOOKUP(F44,编码对账表!C:D,2,0) | H44: 12000 | I44: 14032508191656 | J44: 泰国群光 | L44: 202505270013 | M44: 1403250527144908
A45: 43 | B45: chanhua | C45: 45719 | D45: 新加坡比特 | E45: SPILSZ | F45: BM1370PA | G45: =VLOOKUP(F45,编码对账表!C:D,2,0) | H45: 113561 | I45: 14032508071401 | J45: 泰国ONETEC | L45: 202503070012 | M45: 1403250307111356
A46: 44 | B46: chanhua | C46: 45758 | D46: 新加坡比特 | E46: XJ | F46: BM1370PA | G46: =VLOOKUP(F46,编码对账表!C:D,2,0) | H46: 30499 | I46: 14032508071419 | J46: 泰国ONETEC | L46: 202504140012 | M46: 1403250414135954
A47: 45 | B47: chanhua | C47: 45764 | D47: 新加坡比特 | E47: ASECL | F47: BM1370PA | G47: =VLOOKUP(F47,编码对账表!C:D,2,0) | H47: 151 | I47: 14032508071421 | J47: 泰国ONETEC | L47: 202504210013 | M47: 1403250421113147
A48: 46 | B48: chanhua | C48: 45777 | D48: 新加坡比特 | E48: XJ | F48: BM1370PA | G48: =VLOOKUP(F48,编码对账表!C:D,2,0) | H48: 33884 | I48: 14032508071423 | J48: 泰国ONETEC | L48: 202505060012 | M48: 1403250506164606

Sheet Sheet1
A1: PIE | B1: DPTPIECL
A2: Aohai | B2: DPTAHYCL
A3: THQG | B3: DPTQGYCL
A4: THOT | B4: DPTONETYCL
A5: MOLT | B5: DPTMOLTYCL
A6: NSM | B6: DPTNSMCL
A7: KPMI | B7: DPTKPMCL
A8: BTDLAZZYCL | B8: BTDLAZZYCL

Sheet 2月价目表
A1: 芯片型号 | B1: 时间 | C1: 贸易流 | D1: 价格保留四位小数（USD）
A2: BM1398 | B2: 202602 | C2: Chanhua——>SG/HK | D2: 3.7699
A3: BM1746 | B3: 202602 | C3: Chanhua——>SG/HK | D3: 53.3444 | E3: 更新
A4: BM1362 | B4: 202602 | C4: Chanhua——>SG/HK | D4: 2.4828
A5: BM1368+ | B5: 202602 | C5: Chanhua——>SG/HK | D5: 4.0901 | E5: 更新
A6: BM1368 | B6: 202602 | C6: Chanhua——>SG/HK | D6: 5.0536 | E6: 更新
A7: BM1764 | B7: 202602 | C7: Chanhua——>SG/HK | D7: 3.5349 | E7: 更新
A8: BM1798 | B8: 202602 | C8: Chanhua——>SG/HK | D8: 200.2487
A9: BM1489 | B9: 202602 | C9: Chanhua——>SG/HK | D9: 5.2113
A10: BM1366 | B10: 202602 | C10: Chanhua——>SG/HK | D10: 3.7914 | E10: 更新
A11: BM2100 | B11: 202602 | C11: Chanhua——>SG/HK | D11: 3.4623
A12: BM1727 | B12: 202602 | C12: Chanhua——>SG/HK | D12: 3.4712
A13: BM1766 | B13: 202602 | C13: Chanhua——>SG/HK | D13: 3.4712
A14: BM2042 | B14: 202602 | C14: Chanhua——>SG/HK | D14: 3.4712
A15: BM2110 | B15: 202602 | C15: Chanhua——>SG/HK | D15: 3.4712
A16: BM2130 | B16: 202602 | C16: Chanhua——>SG/HK | D16: 3.4712
A17: BM2280 | B17: 202602 | C17: Chanhua——>SG/HK | D17: 250.5673
A18: BM1684 | B18: 202602 | C18: Chanhua——>SG/HK | D18: 55.1336
A19: BM2280 8A | B19: 202602 | C19: Chanhua——>SG/HK | D19: 2324.8445
A20: BM2380 | B20: 202602 | C20: Chanhua——>SG/HK | D20: 2.2925
A21: BM1370 | B21: 202602 | C21: Chanhua——>SG/HK | D21: 8.6324 | E21: 更新
A22: BM2382 | B22: 202602 | C22: Chanhua——>SG/HK | D22: 2.9837
A23: BM1491 | B23: 202602 | C23: Chanhua——>SG/HK | D23: 12.745 | E23: 更新
A24: BM1372 | B24: 202602 | C24: Chanhua——>SG/HK | D24: 31.8244
A25: BM2460 | B25: 202602 | C25: Chanhua——>SG/HK | D25: 11.2214
A26: BM1368MD | B26: 202602 | C26: Chanhua——>SG/HK | D26: 2176.6463
A27: BM1340 | B27: 202602 | C27: Chanhua——>SG/HK | D27: 17.4733 | E27: 更新
A28: BM2384 | B28: 202602 | C28: Chanhua——>SG/HK | D28: 7.8846 | E28: 更新
A29: BM1373 | B29: 202602 | C29: Chanhua——>SG/HK | D29: 31.5619 | E29: 更新
A30: BM1493 | B30: 202602 | C30: Chanhua——>SG/HK | D30: 21.1352 | E30: 更新
A31: BM1374 | B31: 202602 | C31: Chanhua——>SG/HK | D31: 41.8227 | E31: 更新

Sheet Sheet2
A1: 芯片料号
C3: DEVICE | D3: 芯片料号 | E3: 发运数量 | F3: OSAT | G3: PO | H3: SO
C4: BM1370PF | D4: Y31010536 | E4: 3816 | F4: XJ | G4: DPT202601220100 | H4: 1403260213170548 | I4: MOLT
C5: BM1370PF | D5: Y31010536 | E5: 26382 | F5: XJ | G5: DPT202602100100 | H5: 1403260213170559 | I5: MOLT
C6: BM1370PF | D6: Y31010536 | E6: 141832 | F6: NJVT | G6: DPT202602110100 | H6: 1403260213170607 | I6: MOLT
C7: BM1373CC | D7: Y31010549 | E7: 305627 | F7: NJVT | G7: DPT202602090100 | H7: 1403260213170614 | I7: MOLT
C8: BM1370BC | D8: Y31010527 | E8: 72080 | F8: NJVT | G8: DPT202602090200 | H8: 1403260213170624 | I8: 泰国群光
C9: BM1373CC | D9: Y31010549 | E9: 83474 | F9: NJVT | G9: DPT202602090300 | H9: 1403260213170628 | I9: 泰国群光
C10: BM1370PF | D10: Y31010536 | E10: 367475 | F10: NJVT | G10: DPT202602050100 | H10: 1403260211194846 | I10: MOLT
C11: BM1370PF | D11: Y31010536 | E11: 2090 | F11: SPILSZ | G11: DPT202602110200 | H11: 1403260213170636 | I11: MOLT
C12: BM1373AA | D12: Y31010540 | E12: 26000 | F12: SPILSZ | G12: DPT202602050200 | H12: 1403260213170644 | I12: MOLT
C13: BM1370PF | D13: Y31010536 | E13: 272257 | F13: ASECL | G13: DPT202602110300 | H13: 1403260213170654 | I13: MOLT

Sheet 2025-09
A1: 序号 | B1: 抬头 | C1: 出货日期 | D1: 主体 | E1: 测试厂 | F1: 型号 | G1: 物料编码 | H1: 数量 | I1: 新PO | J1: SO | K1: 发料外协 | L1: 10000900 | M1: 是否已出 | N1: 对比 | O1: 标记
A2: 序号 | B2: 抬头 | C2: 出货日期 | D2: 主体 | E2: 测试厂 | F2: 型号 | G2: 物料编码 | H2: 数量 | I2: 新PO | J2: SO | K2: 发料外协 | L2: 10000900 | M2: 单价 | N2: 是否已出 | O2: 对比 | P2: 标记
A3: 1 | B3: chanhua | C3: 45903 | D3: 新加坡比特 | E3: JSCC | F3: BM1370PF | G3: =VLOOKUP(F3,编码对账表!C:D,2,0) | H3: 2885 | I3: DPT202509040010 | J3: 1403250904203332 | K3: Nationgate | L3: CHANHUA PTE. LTD. | M3: 8.558
A4: 2 | B4: chanhua | C4: 45903 | D4: 新加坡比特 | E4: XJ | F4: BM1370PF | G4: =VLOOKUP(F4,编码对账表!C:D,2,0) | H4: 315425 | I4: DPT202509040011 | J4: 1403250904203340 | K4: 墨西哥欧陆通 | L4: CHANHUA PTE. LTD. | M4: 8.558
A5: 3 | B5: chanhua | C5: 45904 | D5: 新加坡比特 | E5: SPILSZ | F5: BM1370PF | G5: =VLOOKUP(F5,编码对账表!C:D,2,0) | H5: 475000 | I5: DPT202509040012 | J5: 1403250904203346 | K5: 墨西哥欧陆通 | L5: CHANHUA PTE. LTD. | M5: 8.558
A6: 4 | B6: chanhua | C6: 45903 | D6: 新加坡比特 | E6: JSCC | F6: BM1370PM | G6: =VLOOKUP(F6,编码对账表!C:D,2,0) | H6: 123215 | I6: DPT202509040013 | J6: 1403250904203401 | K6: 泰国ONETEC | L6: CHANHUA PTE. LTD. | M6: 8.558
A7: 5 | B7: chanhua | C7: 45904 | D7: 新加坡比特 | E7: SPILSZ | F7: BM1370PF | G7: =VLOOKUP(F7,编码对账表!C:D,2,0) | H7: 463600 | I7: DPT202509040014 | J7: 1403250904203408 | K7: 泰国群光 | L7: CHANHUA PTE. LTD. | M7: 8.558
A8: 6 | B8: chanhua | C8: 45897 | D8: 新加坡比特 | E8: ASE-KH | F8: BM1370BC | G8: =VLOOKUP(F8,编码对账表!C:D,2,0) | H8: 22664 | I8: DPT202509040015 | J8: 1403250904203417 | K8: 印尼奥海 | L8: CHANHUA PTE. LTD. | M8: 8.558
A9: 7 | B9: chanhua | C9: 45900 | D9: 新加坡比特 | E9: XJ | F9: BM1370PA | G9: =VLOOKUP(F9,编码对账表!C:D,2,0) | H9: 9613 | I9: DPT202509040016 | J9: 1403250904203419 | K9: 印尼奥海 | L9: CHANHUA PTE. LTD. | M9: 8.558
A10: 8 | B10: 新加坡比特 | C10: 45911 | D10: chanhua | F10: BM1493 | G10: Y31030503 | H10: 480 | I10: CHH202509110010 | J10: 1155202509110001 | K10: SPILSZ | M10: 25.3022
A11: 9 | B11: chanhua | C11: 45904 | D11: 新加坡比特 | E11: ASECL | F11: BM1370PF | G11: =VLOOKUP(F11,编码对账表!C:D,2,0) | H11: 300200 | I11: BTD202509090020 | J11: 1155250909182839 | K11: Nationgate | L11: CHANHUA PTE. LTD. | M11: 13.69
A12: 10 | B12: chanhua | C12: 45904 | D12: 新加坡比特 | E12: ASECL | F12: BM1370PF | G12: =VLOOKUP(F12,编码对账表!C:D,2,0) | H12: 805600 | I12: DPT202509040021 | J12: 1403250913164357 | K12: PIE | L12: CHANHUA PTE. LTD. | M12: 10.0037
A13: 11 | B13: chanhua | C13: 45905 | D13: 新加坡比特 | E13: JSCC | F13: BM1370PF | G13: =VLOOKUP(F13,编码对账表!C:D,2,0) | H13: 62069 | I13: DPT202509050010 | J13: 1403250913164404 | K13: 泰国ONETEC | L13: CHANHUA PTE. LTD. | M13: 10.0037
A14: 12 | B14: chanhua | C14: 45906 | D14: 新加坡比特 | E14: NJ-VT | F14: BM1370PF | G14: =VLOOKUP(F14,编码对账表!C:D,2,0) | H14: 98396 | I14: DPT202509060010 | J14: 1403250913164412 | K14: 泰国群光 | L14: CHANHUA PTE. LTD. | M14: 10.0037
A15: 13 | B15: chanhua | C15: 45908 | D15: 新加坡比特 | E15: JSCC | F15: BM1370PF | G15: =VLOOKUP(F15,编码对账表!C:D,2,0) | H15: 145474 | I15: DPT202509080010 | J15: 1403250913164421 | K15: 泰国ONETEC | L15: CHANHUA PTE. LTD. | M15: 10.0037
A16: 14 | B16: chanhua | C16: 45909 | D16: 新加坡比特 | E16: SPILSZ | F16: BM1370PF | G16: =VLOOKUP(F16,编码对账表!C:D,2,0) | H16: 619400 | I16: DPT202509090010 | J16: 1403250913164430 | K16: Nationgate | L16: CHANHUA PTE. LTD. | M16: 10.0037
A17: 15 | B17: chanhua | C17: 45909 | D17: 新加坡比特 | E17: SPILSZ | F17: BM1370PF | G17: =VLOOKUP(F17,编码对账表!C:D,2,0) | H17: 269800 | I17: DPT202509090011 | J17: 1403250913164439 | K17: 泰国群光 | L17: CHANHUA PTE. LTD. | M17: 10.0037
A18: 16 | B18: chanhua | C18: 45909 | D18: 新加坡比特 | E18: XJ | F18: BM1370PF | G18: =VLOOKUP(F18,编码对账表!C:D,2,0) | H18: 14434 | I18: DPT202509090012 | J18: 1403250913164447 | K18: Nationgate | L18: CHANHUA PTE. LTD. | M18: 10.0037
A19: 17 | B19: chanhua | C19: 45909 | D19: 新加坡比特 | E19: XJ | F19: BM1370PF | G19: =VLOOKUP(F19,编码对账表!C:D,2,0) | H19: 202659 | I19: DPT202509090013 | J19: 1403250913164454 | K19: PIE | L19: CHANHUA PTE. LTD. | M19: 10.0037
A20: 18 | B20: chanhua | C20: 45909 | D20: 新加坡比特 | E20: XJ | F20: BM1370PF | G20: =VLOOKUP(F20,编码对账表!C:D,2,0) | H20: 531462 | I20: DPT202509090014 | J20: 1403250913164502 | K20: 泰国ONETEC | L20: CHANHUA PTE. LTD. | M20: 10.0037
A21: 19 | B21: chanhua | C21: 45909 | D21: 新加坡比特 | E21: XJ | F21: BM1370PF | G21: =VLOOKUP(F21,编码对账表!C:D,2,0) | H21: 240000 | I21: DPT202509090015 | J21: 1403250913164509 | K21: 泰国群光 | L21: CHANHUA PTE. LTD. | M21: 10.0037
A22: 20 | B22: chanhua | C22: 45911 | D22: 新加坡比特 | E22: SPILSZ | F22: BM1370PF | G22: =VLOOKUP(F22,编码对账表!C:D,2,0) | H22: 22800 | I22: DPT202509110010 | J22: 1403250913164517 | K22: PIE | L22: CHANHUA PTE. LTD. | M22: 10.0037
... A25: 23 | B25: chanhua | C25: 45912 | D25: 新加坡比特 | E25: WX-HN | F25: BM1370PF | G25: =VLOOKUP(F25,编码对账表!C:D,2,0) | H25: 82281 | I25: DPT202509120011 | J25: 1403250913164532 | K25: 墨西哥欧陆通 | L25: CHANHUA PTE. LTD. | M25: 10.0037
A26: 24 | B26: chanhua | C26: 45913 | D26: 新加坡比特 | E26: ASECL | F26: BM1370PF | G26: =VLOOKUP(F26,编码对账表!C:D,2,0) | H26: 1683400 | I26: DPT202509160010 | K26: 印尼奥海 | L26: CHANHUA PTE. LTD. | M26: 10.0037
A27: 25 | B27: chanhua | C27: 45920 | D27: 美国比特 | E27: ASECL | F27: BM1370PF | G27: =VLOOKUP(F27,编码对账表!C:D,2,0) | H27: 418000 | I27: BTD202509200011 | J27: 1155250922195444 | K27: Meritronics | L27: CHANHUA PTE. LTD. | M27: 13.69
A28: 26 | B28: chanhua | C28: 45920 | D28: 美国比特 | E28: WX-HN | F28: BM1370PF | G28: =VLOOKUP(F28,编码对账表!C:D,2,0) | H28: 277077 | I28: BTD202509200010 | J28: 1155250922195435 | K28: Meritronics | L28: CHANHUA PTE. LTD. | M28: 13.69 | N28: 是
A29: 27 | B29: chanhua | C29: 45924 | D29: 美国比特 | E29: XJ | F29: BM1370PF | G29: =VLOOKUP(F29,编码对账表!C:D,2,0) | H29: 167126 | I29: BTD202509240010 | J29: 1155250924113926 | K29: Meritronics | L29: CHANHUA PTE. LTD. | M29: 13.69
A30: 28 | B30: chanhua | C30: 45912 | D30: 新加坡比特 | E30: ASECL | F30: BM1370PF | G30: =VLOOKUP(F30,编码对账表!C:D,2,0) | H30: 676400 | I30: DPT202509240010 | J30: 1403250924203337 | K30: 墨西哥欧陆通 | L30: CHANHUA PTE. LTD. | M30: 10.0037
A31: 29 | B31: chanhua | C31: 45921 | D31: 新加坡比特 | E31: SPILSZ | F31: BM1370PF | G31: =VLOOKUP(F31,编码对账表!C:D,2,0) | H31: 181861 | I31: DPT202509260010 | J31: ‘1403250926160145 | K31: PIE | L31: CHANHUA PTE. LTD. | M31: 10.0037
A32: 30 | B32: chanhua | C32: 45914 | D32: 新加坡比特 | E32: XJ | F32: BM1370PF | G32: =VLOOKUP(F32,编码对账表!C:D,2,0) | H32: 931177 | I32: DPT202509260011 | J32: ’1403250926160155 | K32: 泰国ONETEC | L32: CHANHUA PTE. LTD. | M32: 10.0037
A33: 31 | B33: chanhua | C33: 45909 | D33: 新加坡比特 | E33: ASECL | F33: BM1370PF | G33: =VLOOKUP(F33,编码对账表!C:D,2,0) | H33: 220400 | I33: DPT202509260012 | J33: ‘1403250926160203 | K33: 泰国群光 | L33: CHANHUA PTE. LTD. | M33: 10.0037
A34: 32 | B34: chanhua | C34: 45912 | D34: 新加坡比特 | E34: JSCC | F34: BM1370PF | G34: =VLOOKUP(F34,编码对账表!C:D,2,0) | H34: 181955 | I34: DPT202509260013 | J34: ’1403250926160208 | K34: 泰国群光 | L34: CHANHUA PTE. LTD. | M34: 10.0037
A35: 33 | B35: chanhua | C35: 45914 | D35: 新加坡比特 | E35: SPILSZ | F35: BM1370PF | G35: =VLOOKUP(F35,编码对账表!C:D,2,0) | H35: 808330 | I35: DPT202509260014 | J35: ‘1403250926160213 | K35: 泰国群光 | L35: CHANHUA PTE. LTD. | M35: 10.0037
A36: 34 | B36: chanhua | C36: 45914 | D36: 新加坡比特 | E36: NJ-VT | F36: BM1370PF | G36: =VLOOKUP(F36,编码对账表!C:D,2,0) | H36: 118110 | I36: DPT202509260015 | J36: ’1403250926160220 | K36: 泰国群光 | L36: CHANHUA PTE. LTD. | M36: 10.0037
A37: 35 | B37: chanhua | C37: 45914 | D37: 新加坡比特 | E37: WX-HN | F37: BM1370PF | G37: =VLOOKUP(F37,编码对账表!C:D,2,0) | H37: 32126 | I37: 202509221035552748 | J37: 202509221035552748 | K37: 泰国群光 | L37: CHANHUA PTE. LTD. | M37: 10.0037 | P37: XAP | Q37: DPTQGYCL
A38: 36 | B38: chanhua | C38: 45926 | D38: 新加坡比特 | E38: ASECL | F38: BM1370BC | G38: Y31010527 | H38: 36723 | I38: DPT202509260021 | J38: 1403251003133416 | K38: PIE | L38: CHANHUA PTE. LTD. | M38: 10.0037
A39: 37 | B39: chanhua | C39: 45926 | D39: 新加坡比特 | E39: ASECL | F39: BM1370PA | G39: Y31010530 | H39: 183308 | I39: DPT202509260022 | J39: 1403251003133424 | K39: PIE | L39: CHANHUA PTE. LTD. | M39: 10.0037
A40: 38 | B40: chanhua | C40: 45926 | D40: 新加坡比特 | E40: ASECL | F40: BM1370PF | G40: Y31010536 | H40: 64600 | I40: DPT202509260023 | J40: 1403251003133427 | K40: PIE | L40: CHANHUA PTE. LTD. | M40: 10.0037
A41: 39 | B41: chanhua | C41: 45926 | D41: 新加坡比特 | E41: ASECL | F41: BM1370PA | G41: Y31010530 | H41: 38000 | I41: DPT202509260024 | J41: 1403251003133434 | K41: 印尼奥海 | L41: CHANHUA PTE. LTD. | M41: 10.0037
A42: 40 | B42: chanhua | C42: 45926 | D42: 新加坡比特 | E42: JSCC | F42: BM1370BC | G42: Y31010527 | H42: 110703 | I42: DPT202509260025 | J42: 1403251003133440 | K42: PIE | L42: CHANHUA PTE. LTD. | M42: 10.0037
A43: 41 | B43: chanhua | C43: 45926 | D43: 新加坡比特 | E43: JSCC | F43: BM1370PF | G43: Y31010536 | H43: 47801 | I43: DPT202509260026 | J43: 1403251003133451 | K43: PIE | L43: CHANHUA PTE. LTD. | M43: 10.0037
A44: 42 | B44: chanhua | C44: 45926 | D44: 新加坡比特 | E44: JSCC | F44: BM1370PM | G44: Y31010533 | H44: 251467 | I44: DPT202509260027 | J44: 1403251003133458 | K44: 泰国ONETEC | L44: CHANHUA PTE. LTD. | M44: 8.558
A45: 43 | B45: chanhua | C45: 45926 | D45: 新加坡比特 | E45: JSCC | F45: BM1370PA | G45: Y31010530 | H45: 60561 | I45: DPT202509260028 | J45: 1403251003133504 | K45: 印尼奥海 | L45: CHANHUA PTE. LTD. | M45: 10.0037
A46: 44 | B46: chanhua | C46: 45926 | D46: 新加坡比特 | E46: SPILSZ | F46: BM1370PF | G46: Y31010536 | H46: 858800 | I46: DPT202509260029 | J46: 1403251003133511 | K46: MOLT | L46: CHANHUA PTE. LTD. | M46: 10.0037
A47: 45 | B47: chanhua | C47: 45926 | D47: 新加坡比特 | E47: SPILSZ | F47: BM1370PF | G47: Y31010536 | H47: 106400 | I47: DPT202509260031 | J47: 1403251003133517 | K47: PIE | L47: CHANHUA PTE. LTD. | M47: 10.0037
A48: 46 | B48: chanhua | C48: 45926 | D48: 新加坡比特 | E48: SPILSZ | F48: BM1370PA | G48: Y31010530 | H48: 202052 | I48: DPT202509260032 | J48: 1403251003133525 | K48: THQG | L48: CHANHUA PTE. LTD. | M48: 10.0037
A49: 47 | B49: chanhua | C49: 45926 | D49: 新加坡比特 | E49: SPILSZ | F49: BM1370PF | G49: Y31010536 | H49: 706768 | I49: DPT202509260033 | J49: 1403251003133532 | K49: THQG | L49: CHANHUA PTE. LTD. | M49: 10.0037
... A53: 51 | B53: chanhua | C53: 45929 | D53: 新加坡比特 | E53: XJ | F53: BM1370PF | G53: Y31010536 | H53: 1169301 | I53: DPT202509290011 | J53: 1403251003133600 | K53: 印尼奥海 | L53: CHANHUA PTE. LTD. | M53: 10.0037
A54: 52 | B54: chanhua | C54: 45930 | D54: 新加坡比特 | E54: XJ | F54: BM1370PA | G54: Y31010530 | H54: 772888 | I54: DPT202509300011 | J54: 1403251003133608 | K54: Nationgate | L54: CHANHUA PTE. LTD. | M54: 10.0037 | N54: 是
A55: 55 | B55: chanhua | C55: 45931 | D55: 新加坡比特 | E55: SPILSZ | F55: BM1370PF | G55: Y31010536 | H55: 254600 | I55: DPT202510010013 | J55: 1403251003133624 | K55: MOLT | L55: CHANHUA PTE. LTD. | M55: 10.0037
A56: 56 | B56: chanhua | C56: 45931 | D56: 新加坡比特 | E56: SPILSZ | F56: BM1370PF | G56: Y31010536 | H56: 57000 | I56: DPT202510010014 | J56: 1403251003133629 | K56: Nationgate | L56: CHANHUA PTE. LTD. | M56: 10.0037
A57: 57 | B57: chanhua | C57: 45931 | D57: 新加坡比特 | E57: SPILSZ | F57: BM1370PF | G57: Y31010536 | H57: 516800 | I57: DPT202510010015 | J57: 1403251003133637 | K57: PIE | L57: CHANHUA PTE. LTD. | M57: 10.0037
